0 verbose cli /Users/suraj/.nvm/versions/node/v24.14.0/bin/node /Users/suraj/.nvm/versions/node/v24.14.0/bin/npm
1 info using npm@11.9.0
2 info using node@v24.14.0
3 silly config load:file:/Users/suraj/.nvm/versions/node/v24.14.0/lib/node_modules/npm/npmrc
4 silly config load:file:/Users/suraj/Desktop/Project/persnol/portfolio/.npmrc
5 silly config load:file:/Users/suraj/.npmrc
6 silly config load:file:/Users/suraj/.nvm/versions/node/v24.14.0/etc/npmrc
7 verbose title npm install next@latest eslint-config-next@latest eslint@latest
8 verbose argv "install" "next@latest" "eslint-config-next@latest" "eslint@latest" "--cache" "./.npm-cache"
9 verbose logfile logs-max:10 dir:/Users/suraj/Desktop/Project/persnol/portfolio/.npm-cache/_logs/2026-08-19T03_06_43_646Z-
10 verbose logfile /Users/suraj/Desktop/Project/persnol/portfolio/.npm-cache/_logs/2026-08-19T03_06_43_646Z-debug-0.log
11 silly logfile done cleaning log files
12 silly packumentCache heap:2348810240 maxSize:587202560 maxEntrySize:293601280
13 silly packumentCache corgi:https://registry.npmjs.org/next cache-miss
14 silly packumentCache corgi:https://registry.npmjs.org/eslint-config-next cache-miss
15 silly packumentCache corgi:https://registry.npmjs.org/eslint cache-miss
16 http cache https://registry.npmjs.org/eslint-config-next 61ms (cache hit)
17 silly packumentCache corgi:https://registry.npmjs.org/eslint-config-next set size:4055558 disposed:false
18 http cache https://registry.npmjs.org/next 87ms (cache hit)
19 silly packumentCache corgi:https://registry.npmjs.org/next set size:25469516 disposed:false
20 http fetch GET 200 https://registry.npmjs.org/eslint 845ms (cache miss)
21 silly packumentCache corgi:https://registry.npmjs.org/eslint set size:undefined disposed:false
22 silly idealTree buildDeps
23 silly fetch manifest next@16.3.1
24 silly packumentCache full:https://registry.npmjs.org/next cache-miss
25 http cache https://registry.npmjs.org/next 42ms (cache hit)
26 silly packumentCache full:https://registry.npmjs.org/next set size:31118994 disposed:false
27 silly fetch manifest @opentelemetry/api@^1.1.0
28 silly packumentCache full:https://registry.npmjs.org/@opentelemetry%2fapi cache-miss
29 http cache https://registry.npmjs.org/@opentelemetry%2fapi 2ms (cache hit)
30 silly packumentCache full:https://registry.npmjs.org/@opentelemetry%2fapi set size:272967 disposed:false
31 silly fetch manifest @playwright/test@^1.51.1
32 silly packumentCache full:https://registry.npmjs.org/@playwright%2ftest cache-miss
33 http cache https://registry.npmjs.org/@playwright%2ftest 14ms (cache hit)
34 silly packumentCache full:https://registry.npmjs.org/@playwright%2ftest set size:9433404 disposed:false
35 silly fetch manifest babel-plugin-react-compiler@*
36 silly packumentCache full:https://registry.npmjs.org/babel-plugin-react-compiler cache-miss
37 http cache https://registry.npmjs.org/babel-plugin-react-compiler 3ms (cache hit)
38 silly packumentCache full:https://registry.npmjs.org/babel-plugin-react-compiler set size:1356999 disposed:false
39 silly fetch manifest react@^18
40 silly packumentCache full:https://registry.npmjs.org/react cache-miss
41 http cache https://registry.npmjs.org/react 9ms (cache hit)
42 silly packumentCache full:https://registry.npmjs.org/react set size:6897881 disposed:false
43 silly fetch manifest react-dom@^18
44 silly packumentCache full:https://registry.npmjs.org/react-dom cache-miss
45 http cache https://registry.npmjs.org/react-dom 14ms (cache hit)
46 silly packumentCache full:https://registry.npmjs.org/react-dom set size:9267760 disposed:false
47 silly fetch manifest sass@^1.3.0
48 silly packumentCache full:https://registry.npmjs.org/sass cache-miss
49 http cache https://registry.npmjs.org/sass 7ms (cache hit)
50 silly packumentCache full:https://registry.npmjs.org/sass set size:743214 disposed:false
51 silly fetch manifest eslint@10.8.1
52 silly packumentCache full:https://registry.npmjs.org/eslint cache-miss
53 http cache https://registry.npmjs.org/eslint 4ms (cache hit)
54 silly packumentCache full:https://registry.npmjs.org/eslint set size:2048190 disposed:false
55 silly fetch manifest jiti@*
56 silly packumentCache full:https://registry.npmjs.org/jiti cache-miss
57 http fetch GET 200 https://registry.npmjs.org/jiti 88ms (cache miss)
58 silly packumentCache full:https://registry.npmjs.org/jiti set size:undefined disposed:false
59 silly fetch manifest eslint-config-next@16.3.1
60 silly packumentCache full:https://registry.npmjs.org/eslint-config-next cache-miss
61 http cache https://registry.npmjs.org/eslint-config-next 11ms (cache hit)
62 silly packumentCache full:https://registry.npmjs.org/eslint-config-next set size:7082970 disposed:false
63 silly fetch manifest typescript@^5
64 silly packumentCache full:https://registry.npmjs.org/typescript cache-miss
65 http fetch GET 200 https://registry.npmjs.org/typescript 444ms (cache miss)
66 silly packumentCache full:https://registry.npmjs.org/typescript set size:undefined disposed:false
67 silly placeDep ROOT eslint@10.8.1 REPLACE for: portfolio@0.1.0 want: 10.8.1
68 silly placeDep ROOT eslint-config-next@16.3.1 REPLACE for: portfolio@0.1.0 want: 16.3.1
69 silly placeDep ROOT next@16.3.1 REPLACE for: portfolio@0.1.0 want: 16.3.1
70 silly fetch manifest ajv@^6.14.0
71 silly packumentCache full:https://registry.npmjs.org/ajv cache-miss
72 silly fetch manifest espree@^11.2.0
73 silly packumentCache full:https://registry.npmjs.org/espree cache-miss
74 silly fetch manifest esquery@^1.7.0
75 silly packumentCache full:https://registry.npmjs.org/esquery cache-miss
76 silly fetch manifest minimatch@^10.2.5
77 silly packumentCache full:https://registry.npmjs.org/minimatch cache-miss
78 silly fetch manifest cross-spawn@^7.0.6
79 silly packumentCache full:https://registry.npmjs.org/cross-spawn cache-miss
80 silly fetch manifest @eslint/core@^1.2.1
81 silly packumentCache full:https://registry.npmjs.org/@eslint%2fcore cache-miss
82 silly fetch manifest eslint-scope@^9.1.2
83 silly packumentCache full:https://registry.npmjs.org/eslint-scope cache-miss
84 http fetch GET 200 https://registry.npmjs.org/ajv 103ms (cache miss)
85 silly packumentCache full:https://registry.npmjs.org/ajv set size:undefined disposed:false
86 silly fetch manifest @humanfs/node@^0.16.6
87 silly packumentCache full:https://registry.npmjs.org/@humanfs%2fnode cache-miss
88 http fetch GET 200 https://registry.npmjs.org/@humanfs%2fnode 67ms (cache miss)
89 silly packumentCache full:https://registry.npmjs.org/@humanfs%2fnode set size:undefined disposed:false
90 silly fetch manifest fast-deep-equal@^3.1.3
91 silly packumentCache full:https://registry.npmjs.org/fast-deep-equal cache-miss
92 http fetch GET 200 https://registry.npmjs.org/esquery 220ms (cache miss)
93 silly packumentCache full:https://registry.npmjs.org/esquery set size:undefined disposed:false
94 silly fetch manifest file-entry-cache@^8.0.0
95 silly packumentCache full:https://registry.npmjs.org/file-entry-cache cache-miss
96 http fetch GET 200 https://registry.npmjs.org/fast-deep-equal 57ms (cache miss)
97 silly packumentCache full:https://registry.npmjs.org/fast-deep-equal set size:undefined disposed:false
98 silly fetch manifest @eslint/plugin-kit@^0.7.2
99 silly packumentCache full:https://registry.npmjs.org/@eslint%2fplugin-kit cache-miss
100 http fetch GET 200 https://registry.npmjs.org/espree 238ms (cache miss)
101 silly packumentCache full:https://registry.npmjs.org/espree set size:undefined disposed:false
102 silly fetch manifest eslint-visitor-keys@^5.0.1
103 silly packumentCache full:https://registry.npmjs.org/eslint-visitor-keys cache-miss
104 http fetch GET 200 https://registry.npmjs.org/@eslint%2fcore 239ms (cache miss)
105 silly packumentCache full:https://registry.npmjs.org/@eslint%2fcore set size:undefined disposed:false
106 silly fetch manifest @eslint/config-array@^0.23.5
107 silly packumentCache full:https://registry.npmjs.org/@eslint%2fconfig-array cache-miss
108 http fetch GET 200 https://registry.npmjs.org/eslint-scope 260ms (cache miss)
109 silly packumentCache full:https://registry.npmjs.org/eslint-scope set size:undefined disposed:false
110 silly fetch manifest @humanwhocodes/retry@^0.4.2
111 silly packumentCache full:https://registry.npmjs.org/@humanwhocodes%2fretry cache-miss
112 http fetch GET 200 https://registry.npmjs.org/file-entry-cache 64ms (cache miss)
113 silly packumentCache full:https://registry.npmjs.org/file-entry-cache set size:undefined disposed:false
114 silly fetch manifest @eslint/config-helpers@^0.7.0
115 silly packumentCache full:https://registry.npmjs.org/@eslint%2fconfig-helpers cache-miss
116 http fetch GET 200 https://registry.npmjs.org/minimatch 294ms (cache miss)
117 silly packumentCache full:https://registry.npmjs.org/minimatch set size:undefined disposed:false
118 silly fetch manifest @eslint-community/regexpp@^4.12.2
119 silly packumentCache full:https://registry.npmjs.org/@eslint-community%2fregexpp cache-miss
120 http fetch GET 200 https://registry.npmjs.org/eslint-visitor-keys 72ms (cache miss)
121 silly packumentCache full:https://registry.npmjs.org/eslint-visitor-keys set size:undefined disposed:false
122 silly fetch manifest @eslint-community/eslint-utils@^4.8.0
123 silly packumentCache full:https://registry.npmjs.org/@eslint-community%2feslint-utils cache-miss
124 http fetch GET 200 https://registry.npmjs.org/cross-spawn 327ms (cache miss)
125 silly packumentCache full:https://registry.npmjs.org/cross-spawn set size:undefined disposed:false
126 silly fetch manifest globals@16.4.0
127 silly packumentCache full:https://registry.npmjs.org/globals cache-miss
128 http fetch GET 200 https://registry.npmjs.org/@humanwhocodes%2fretry 75ms (cache miss)
129 silly packumentCache full:https://registry.npmjs.org/@humanwhocodes%2fretry set size:undefined disposed:false
130 silly fetch manifest typescript-eslint@^8.46.0
131 silly packumentCache full:https://registry.npmjs.org/typescript-eslint cache-miss
132 http fetch GET 200 https://registry.npmjs.org/@eslint-community%2fregexpp 80ms (cache miss)
133 silly packumentCache full:https://registry.npmjs.org/@eslint-community%2fregexpp set size:undefined disposed:false
134 silly fetch manifest eslint-plugin-react@^7.37.0
135 silly packumentCache full:https://registry.npmjs.org/eslint-plugin-react cache-miss
136 http fetch GET 200 https://registry.npmjs.org/@eslint-community%2feslint-utils 83ms (cache miss)
137 silly packumentCache full:https://registry.npmjs.org/@eslint-community%2feslint-utils set size:undefined disposed:false
138 silly fetch manifest eslint-plugin-import@^2.32.0
139 silly packumentCache full:https://registry.npmjs.org/eslint-plugin-import cache-miss
140 http fetch GET 200 https://registry.npmjs.org/globals 102ms (cache miss)
141 silly packumentCache full:https://registry.npmjs.org/globals set size:undefined disposed:false
142 silly fetch manifest eslint-plugin-jsx-a11y@^6.10.0
143 silly packumentCache full:https://registry.npmjs.org/eslint-plugin-jsx-a11y cache-miss
144 http fetch GET 200 https://registry.npmjs.org/eslint-plugin-react 101ms (cache miss)
145 silly packumentCache full:https://registry.npmjs.org/eslint-plugin-react set size:undefined disposed:false
146 silly fetch manifest @next/eslint-plugin-next@16.3.1
147 silly packumentCache full:https://registry.npmjs.org/@next%2feslint-plugin-next cache-miss
148 http fetch GET 200 https://registry.npmjs.org/eslint-plugin-import 123ms (cache miss)
149 silly packumentCache full:https://registry.npmjs.org/eslint-plugin-import set size:undefined disposed:false
150 silly fetch manifest eslint-plugin-react-hooks@^7.0.0
151 silly packumentCache full:https://registry.npmjs.org/eslint-plugin-react-hooks cache-miss
152 http fetch GET 200 https://registry.npmjs.org/eslint-plugin-jsx-a11y 100ms (cache miss)
153 silly packumentCache full:https://registry.npmjs.org/eslint-plugin-jsx-a11y set size:undefined disposed:false
154 silly fetch manifest eslint-import-resolver-typescript@^3.5.2
155 silly packumentCache full:https://registry.npmjs.org/eslint-import-resolver-typescript cache-miss
156 http fetch GET 200 https://registry.npmjs.org/@eslint%2fconfig-array 310ms (cache miss)
157 silly packumentCache full:https://registry.npmjs.org/@eslint%2fconfig-array set size:undefined disposed:false
158 silly fetch manifest postcss@8.5.23
159 silly packumentCache full:https://registry.npmjs.org/postcss cache-miss
160 http fetch GET 200 https://registry.npmjs.org/@eslint%2fconfig-helpers 317ms (cache miss)
161 silly packumentCache full:https://registry.npmjs.org/@eslint%2fconfig-helpers set size:undefined disposed:false
162 silly fetch manifest @next/env@16.3.1
163 silly packumentCache full:https://registry.npmjs.org/@next%2fenv cache-miss
164 http fetch GET 200 https://registry.npmjs.org/typescript-eslint 299ms (cache miss)
165 silly packumentCache full:https://registry.npmjs.org/typescript-eslint set size:undefined disposed:false
166 silly fetch manifest styled-jsx@5.1.6
167 silly packumentCache full:https://registry.npmjs.org/styled-jsx cache-miss
168 http fetch GET 200 https://registry.npmjs.org/eslint-import-resolver-typescript 119ms (cache miss)
169 silly packumentCache full:https://registry.npmjs.org/eslint-import-resolver-typescript set size:undefined disposed:false
170 silly fetch manifest @swc/helpers@0.5.23
171 silly packumentCache full:https://registry.npmjs.org/@swc%2fhelpers cache-miss
172 http fetch GET 200 https://registry.npmjs.org/postcss 139ms (cache miss)
173 silly packumentCache full:https://registry.npmjs.org/postcss set size:undefined disposed:false
174 silly fetch manifest baseline-browser-mapping@^2.9.19
175 silly packumentCache full:https://registry.npmjs.org/baseline-browser-mapping cache-miss
176 http fetch GET 200 https://registry.npmjs.org/styled-jsx 90ms (cache miss)
177 silly packumentCache full:https://registry.npmjs.org/styled-jsx set size:undefined disposed:false
178 silly fetch manifest sharp@^0.35.3
179 silly packumentCache full:https://registry.npmjs.org/sharp cache-miss
180 http fetch GET 200 https://registry.npmjs.org/baseline-browser-mapping 98ms (cache miss)
181 silly packumentCache full:https://registry.npmjs.org/baseline-browser-mapping set size:undefined disposed:false
182 silly fetch manifest @next/swc-darwin-x64@16.3.1
183 silly packumentCache full:https://registry.npmjs.org/@next%2fswc-darwin-x64 cache-miss
184 http fetch GET 200 https://registry.npmjs.org/@swc%2fhelpers 160ms (cache miss)
185 silly packumentCache full:https://registry.npmjs.org/@swc%2fhelpers set size:undefined disposed:false
186 silly fetch manifest @next/swc-darwin-arm64@16.3.1
187 silly packumentCache full:https://registry.npmjs.org/@next%2fswc-darwin-arm64 cache-miss
188 http fetch GET 200 https://registry.npmjs.org/@eslint%2fplugin-kit 621ms (cache miss)
189 silly packumentCache full:https://registry.npmjs.org/@eslint%2fplugin-kit set size:undefined disposed:false
190 silly fetch manifest @next/swc-linux-x64-gnu@16.3.1
191 silly packumentCache full:https://registry.npmjs.org/@next%2fswc-linux-x64-gnu cache-miss
192 http fetch GET 200 https://registry.npmjs.org/@next%2feslint-plugin-next 386ms (cache miss)
193 silly packumentCache full:https://registry.npmjs.org/@next%2feslint-plugin-next set size:undefined disposed:false
194 silly fetch manifest @next/swc-linux-x64-musl@16.3.1
195 silly packumentCache full:https://registry.npmjs.org/@next%2fswc-linux-x64-musl cache-miss
196 http fetch GET 200 https://registry.npmjs.org/sharp 148ms (cache miss)
197 silly packumentCache full:https://registry.npmjs.org/sharp set size:undefined disposed:false
198 silly fetch manifest @next/swc-win32-x64-msvc@16.3.1
199 silly packumentCache full:https://registry.npmjs.org/@next%2fswc-win32-x64-msvc cache-miss
200 http fetch GET 200 https://registry.npmjs.org/eslint-plugin-react-hooks 439ms (cache miss)
201 silly packumentCache full:https://registry.npmjs.org/eslint-plugin-react-hooks set size:undefined disposed:false
202 silly fetch manifest @next/swc-linux-arm64-gnu@16.3.1
203 silly packumentCache full:https://registry.npmjs.org/@next%2fswc-linux-arm64-gnu cache-miss
204 http fetch GET 200 https://registry.npmjs.org/@next%2fswc-darwin-x64 944ms (cache miss)
205 silly packumentCache full:https://registry.npmjs.org/@next%2fswc-darwin-x64 set size:undefined disposed:false
206 silly fetch manifest @next/swc-linux-arm64-musl@16.3.1
207 silly packumentCache full:https://registry.npmjs.org/@next%2fswc-linux-arm64-musl cache-miss
208 http fetch GET 200 https://registry.npmjs.org/@next%2fswc-win32-x64-msvc 1343ms (cache miss)
209 silly packumentCache full:https://registry.npmjs.org/@next%2fswc-win32-x64-msvc set size:undefined disposed:false
210 silly fetch manifest @next/swc-win32-arm64-msvc@16.3.1
211 silly packumentCache full:https://registry.npmjs.org/@next%2fswc-win32-arm64-msvc cache-miss
212 http fetch GET 200 https://registry.npmjs.org/@next%2fenv 1648ms (cache miss)
213 silly packumentCache full:https://registry.npmjs.org/@next%2fenv set size:undefined disposed:false
214 http fetch GET 200 https://registry.npmjs.org/@next%2fswc-linux-arm64-musl 789ms (cache miss)
215 silly packumentCache full:https://registry.npmjs.org/@next%2fswc-linux-arm64-musl set size:undefined disposed:false
216 http fetch GET 200 https://registry.npmjs.org/@next%2fswc-linux-x64-musl 2188ms (cache miss)
217 silly packumentCache full:https://registry.npmjs.org/@next%2fswc-linux-x64-musl set size:undefined disposed:false
218 http fetch GET 200 https://registry.npmjs.org/@next%2fswc-linux-arm64-gnu 2112ms (cache miss)
219 silly packumentCache full:https://registry.npmjs.org/@next%2fswc-linux-arm64-gnu set size:undefined disposed:false
220 http fetch GET 200 https://registry.npmjs.org/@next%2fswc-darwin-arm64 2402ms (cache miss)
221 silly packumentCache full:https://registry.npmjs.org/@next%2fswc-darwin-arm64 set size:undefined disposed:false
222 http fetch GET 200 https://registry.npmjs.org/@next%2fswc-linux-x64-gnu 2388ms (cache miss)
223 silly packumentCache full:https://registry.npmjs.org/@next%2fswc-linux-x64-gnu set size:undefined disposed:false
224 http fetch GET 200 https://registry.npmjs.org/@next%2fswc-win32-arm64-msvc 1011ms (cache miss)
225 silly packumentCache full:https://registry.npmjs.org/@next%2fswc-win32-arm64-msvc set size:undefined disposed:false
226 silly fetch manifest eslint@^6.0.0 || ^7.0.0 || >=8.0.0
227 silly packumentCache full:https://registry.npmjs.org/eslint cache-miss
228 http cache https://registry.npmjs.org/eslint 5ms (cache hit)
229 silly packumentCache full:https://registry.npmjs.org/eslint set size:2048190 disposed:false
230 silly placeDep ROOT @eslint-community/eslint-utils@4.10.1 REPLACE for: eslint@10.8.1 want: ^4.8.0
231 silly placeDep ROOT @eslint-community/regexpp@4.12.2 REPLACE for: eslint@10.8.1 want: ^4.12.2
232 silly placeDep ROOT @eslint/config-array@0.23.5 OK for: eslint@10.8.1 want: ^0.23.5
233 silly placeDep ROOT @eslint/config-helpers@0.7.0 OK for: eslint@10.8.1 want: ^0.7.0
234 silly placeDep ROOT @eslint/core@1.2.1 OK for: eslint@10.8.1 want: ^1.2.1
235 silly placeDep ROOT @eslint/plugin-kit@0.7.2 OK for: eslint@10.8.1 want: ^0.7.2
236 silly placeDep ROOT @humanfs/node@0.16.8 OK for: eslint@10.8.1 want: ^0.16.6
237 silly placeDep ROOT @humanwhocodes/retry@0.4.3 OK for: eslint@10.8.1 want: ^0.4.2
238 silly placeDep ROOT ajv@6.15.0 OK for: eslint@10.8.1 want: ^6.14.0
239 silly placeDep ROOT cross-spawn@7.0.6 REPLACE for: eslint@10.8.1 want: ^7.0.6
240 silly placeDep ROOT eslint-scope@9.1.2 OK for: eslint@10.8.1 want: ^9.1.2
241 silly placeDep node_modules/eslint eslint-visitor-keys@5.0.1 OK for: eslint@10.8.1 want: ^5.0.1
242 silly placeDep ROOT espree@11.2.0 OK for: eslint@10.8.1 want: ^11.2.0
243 silly placeDep ROOT esquery@1.7.0 OK for: eslint@10.8.1 want: ^1.7.0
244 silly placeDep ROOT fast-deep-equal@3.1.3 OK for: eslint@10.8.1 want: ^3.1.3
245 silly placeDep ROOT file-entry-cache@8.0.0 OK for: eslint@10.8.1 want: ^8.0.0
246 silly placeDep ROOT minimatch@10.2.6 REPLACE for: eslint@10.8.1 want: ^10.2.5
247 silly fetch manifest @eslint/object-schema@^3.0.5
248 silly packumentCache full:https://registry.npmjs.org/@eslint%2fobject-schema cache-miss
249 silly fetch manifest minimatch@^10.2.4
250 silly packumentCache full:https://registry.npmjs.org/minimatch cache-miss
251 silly fetch manifest @types/json-schema@^7.0.15
252 silly packumentCache full:https://registry.npmjs.org/@types%2fjson-schema cache-miss
253 silly fetch manifest @humanwhocodes/retry@^0.4.0
254 silly packumentCache full:https://registry.npmjs.org/@humanwhocodes%2fretry cache-miss
255 silly fetch manifest @humanfs/core@^0.19.2
256 silly packumentCache full:https://registry.npmjs.org/@humanfs%2fcore cache-miss
257 silly fetch manifest @humanfs/types@^0.15.0
258 silly packumentCache full:https://registry.npmjs.org/@humanfs%2ftypes cache-miss
259 silly fetch manifest uri-js@^4.2.2
260 silly packumentCache full:https://registry.npmjs.org/uri-js cache-miss
261 http cache https://registry.npmjs.org/@humanwhocodes%2fretry 5ms (cache hit)
262 silly packumentCache full:https://registry.npmjs.org/@humanwhocodes%2fretry set size:42348 disposed:false
263 silly fetch manifest fast-deep-equal@^3.1.1
264 silly packumentCache full:https://registry.npmjs.org/fast-deep-equal cache-miss
265 http cache https://registry.npmjs.org/minimatch 7ms (cache hit)
266 silly packumentCache full:https://registry.npmjs.org/minimatch set size:377924 disposed:false
267 silly fetch manifest json-schema-traverse@^0.4.1
268 silly packumentCache full:https://registry.npmjs.org/json-schema-traverse cache-miss
269 http cache https://registry.npmjs.org/fast-deep-equal 2ms (cache hit)
270 silly packumentCache full:https://registry.npmjs.org/fast-deep-equal set size:48634 disposed:false
271 silly fetch manifest fast-json-stable-stringify@^2.0.0
272 silly packumentCache full:https://registry.npmjs.org/fast-json-stable-stringify cache-miss
273 http fetch GET 200 https://registry.npmjs.org/fast-json-stable-stringify 58ms (cache miss)
274 silly packumentCache full:https://registry.npmjs.org/fast-json-stable-stringify set size:undefined disposed:false
275 silly fetch manifest @types/esrecurse@^4.3.1
276 silly packumentCache full:https://registry.npmjs.org/@types%2fesrecurse cache-miss
277 http fetch GET 200 https://registry.npmjs.org/json-schema-traverse 61ms (cache miss)
278 silly packumentCache full:https://registry.npmjs.org/json-schema-traverse set size:undefined disposed:false
279 silly fetch manifest esrecurse@^4.3.0
280 silly packumentCache full:https://registry.npmjs.org/esrecurse cache-miss
281 http fetch GET 200 https://registry.npmjs.org/@types%2fjson-schema 72ms (cache miss)
282 silly packumentCache full:https://registry.npmjs.org/@types%2fjson-schema set size:undefined disposed:false
283 silly fetch manifest acorn@^8.16.0
284 silly packumentCache full:https://registry.npmjs.org/acorn cache-miss
285 http fetch GET 200 https://registry.npmjs.org/uri-js 102ms (cache miss)
286 silly packumentCache full:https://registry.npmjs.org/uri-js set size:undefined disposed:false
287 silly fetch manifest acorn-jsx@^5.3.2
288 silly packumentCache full:https://registry.npmjs.org/acorn-jsx cache-miss
289 http fetch GET 200 https://registry.npmjs.org/esrecurse 65ms (cache miss)
290 silly packumentCache full:https://registry.npmjs.org/esrecurse set size:undefined disposed:false
291 silly fetch manifest flat-cache@^4.0.0
292 silly packumentCache full:https://registry.npmjs.org/flat-cache cache-miss
293 http fetch GET 200 https://registry.npmjs.org/flat-cache 67ms (cache miss)
294 silly packumentCache full:https://registry.npmjs.org/flat-cache set size:undefined disposed:false
295 silly fetch manifest brace-expansion@^5.0.8
296 silly packumentCache full:https://registry.npmjs.org/brace-expansion cache-miss
297 http fetch GET 200 https://registry.npmjs.org/acorn-jsx 108ms (cache miss)
298 silly packumentCache full:https://registry.npmjs.org/acorn-jsx set size:undefined disposed:false
299 http fetch GET 200 https://registry.npmjs.org/brace-expansion 62ms (cache miss)
300 silly packumentCache full:https://registry.npmjs.org/brace-expansion set size:undefined disposed:false
301 http fetch GET 200 https://registry.npmjs.org/acorn 343ms (cache miss)
302 silly packumentCache full:https://registry.npmjs.org/acorn set size:undefined disposed:false
303 http fetch GET 200 https://registry.npmjs.org/@humanfs%2fcore 520ms (cache miss)
304 silly packumentCache full:https://registry.npmjs.org/@humanfs%2fcore set size:undefined disposed:false
305 http fetch GET 200 https://registry.npmjs.org/@humanfs%2ftypes 526ms (cache miss)
306 silly packumentCache full:https://registry.npmjs.org/@humanfs%2ftypes set size:undefined disposed:false
307 http fetch GET 200 https://registry.npmjs.org/@types%2fesrecurse 551ms (cache miss)
308 silly packumentCache full:https://registry.npmjs.org/@types%2fesrecurse set size:undefined disposed:false
309 http fetch GET 200 https://registry.npmjs.org/@eslint%2fobject-schema 784ms (cache miss)
310 silly packumentCache full:https://registry.npmjs.org/@eslint%2fobject-schema set size:undefined disposed:false
311 silly placeDep ROOT @eslint/object-schema@3.0.5 OK for: @eslint/config-array@0.23.5 want: ^3.0.5
312 silly placeDep ROOT @types/json-schema@7.0.15 OK for: @eslint/core@1.2.1 want: ^7.0.15
313 silly placeDep ROOT @humanfs/core@0.19.2 OK for: @humanfs/node@0.16.8 want: ^0.19.2
314 silly placeDep ROOT @humanfs/types@0.15.0 OK for: @humanfs/node@0.16.8 want: ^0.15.0
315 silly placeDep ROOT fast-json-stable-stringify@2.1.0 OK for: ajv@6.15.0 want: ^2.0.0
316 silly placeDep ROOT json-schema-traverse@0.4.1 OK for: ajv@6.15.0 want: ^0.4.1
317 silly placeDep ROOT uri-js@4.4.1 OK for: ajv@6.15.0 want: ^4.2.2
318 silly fetch manifest punycode@^2.1.0
319 silly packumentCache full:https://registry.npmjs.org/punycode cache-miss
320 http fetch GET 200 https://registry.npmjs.org/punycode 101ms (cache miss)
321 silly packumentCache full:https://registry.npmjs.org/punycode set size:undefined disposed:false
322 silly fetch manifest eslint@>=9.0.0
323 silly packumentCache full:https://registry.npmjs.org/eslint cache-miss
324 http cache https://registry.npmjs.org/eslint 3ms (cache hit)
325 silly packumentCache full:https://registry.npmjs.org/eslint set size:2048190 disposed:false
326 silly fetch manifest typescript@>=3.3.1
327 silly packumentCache full:https://registry.npmjs.org/typescript cache-miss
328 http cache https://registry.npmjs.org/typescript 17ms (cache hit)
329 silly packumentCache full:https://registry.npmjs.org/typescript set size:15568374 disposed:false
330 silly fetch manifest typescript@>=4.8.4 <6.1.0
331 silly packumentCache full:https://registry.npmjs.org/typescript cache-miss
332 http cache https://registry.npmjs.org/typescript 16ms (cache hit)
333 silly packumentCache full:https://registry.npmjs.org/typescript set size:15568374 disposed:false
334 silly fetch manifest eslint@^3 || ^4 || ^5 || ^6 || ^7 || ^8 || ^9.7
335 silly packumentCache full:https://registry.npmjs.org/eslint cache-miss
336 http cache https://registry.npmjs.org/eslint 10ms (cache hit)
337 silly packumentCache full:https://registry.npmjs.org/eslint set size:2048190 disposed:false
338 silly fetch manifest eslint@^2 || ^3 || ^4 || ^5 || ^6 || ^7.2.0 || ^8 || ^9
339 silly packumentCache full:https://registry.npmjs.org/eslint cache-miss
340 http cache https://registry.npmjs.org/eslint 3ms (cache hit)
341 silly packumentCache full:https://registry.npmjs.org/eslint set size:2048190 disposed:false
342 silly fetch manifest eslint@^3 || ^4 || ^5 || ^6 || ^7 || ^8 || ^9
343 silly packumentCache full:https://registry.npmjs.org/eslint cache-miss
344 http cache https://registry.npmjs.org/eslint 3ms (cache hit)
345 silly packumentCache full:https://registry.npmjs.org/eslint set size:2048190 disposed:false
346 silly fetch manifest eslint-plugin-import-x@*
347 silly packumentCache full:https://registry.npmjs.org/eslint-plugin-import-x cache-miss
348 http fetch GET 200 https://registry.npmjs.org/eslint-plugin-import-x 65ms (cache miss)
349 silly packumentCache full:https://registry.npmjs.org/eslint-plugin-import-x set size:undefined disposed:false
350 silly fetch manifest @typescript-eslint/utils@^8.56.0
351 silly packumentCache full:https://registry.npmjs.org/@typescript-eslint%2futils cache-miss
352 http fetch GET 200 https://registry.npmjs.org/@typescript-eslint%2futils 779ms (cache miss)
353 silly packumentCache full:https://registry.npmjs.org/@typescript-eslint%2futils set size:undefined disposed:false
354 silly fetch manifest eslint-import-resolver-node@^0.3.6
355 silly packumentCache full:https://registry.npmjs.org/eslint-import-resolver-node cache-miss
356 http fetch GET 200 https://registry.npmjs.org/eslint-import-resolver-node 86ms (cache miss)
357 silly packumentCache full:https://registry.npmjs.org/eslint-import-resolver-node set size:undefined disposed:false
358 silly placeDep ROOT @next/eslint-plugin-next@16.3.1 OK for: eslint-config-next@16.3.1 want: 16.3.1
359 silly placeDep node_modules/eslint-config-next eslint-import-resolver-typescript@3.10.1 CONFLICT for: eslint-config-next@16.3.1 want: ^3.5.2
360 silly placeDep node_modules/eslint-config-next eslint-plugin-import@2.32.0 CONFLICT for: eslint-config-next@16.3.1 want: ^2.32.0
361 warn ERESOLVE overriding peer dependency {
361 warn ERESOLVE   code: 'ERESOLVE',
361 warn ERESOLVE   edge: {
361 warn ERESOLVE     type: 'peer',
361 warn ERESOLVE     name: 'eslint',
361 warn ERESOLVE     spec: '^2 || ^3 || ^4 || ^5 || ^6 || ^7.2.0 || ^8 || ^9',
361 warn ERESOLVE     error: 'INVALID',
361 warn ERESOLVE     from: {
361 warn ERESOLVE       name: 'eslint-plugin-import',
361 warn ERESOLVE       version: '2.32.0',
361 warn ERESOLVE       location: 'node_modules/eslint-config-next/node_modules/eslint-plugin-import',
361 warn ERESOLVE       isWorkspace: false,
361 warn ERESOLVE       dependents: [Array]
361 warn ERESOLVE     }
361 warn ERESOLVE   },
361 warn ERESOLVE   dep: {
361 warn ERESOLVE     name: 'eslint',
361 warn ERESOLVE     version: '9.39.5',
361 warn ERESOLVE     whileInstalling: {
361 warn ERESOLVE       name: 'eslint-config-next',
361 warn ERESOLVE       version: '16.3.1',
361 warn ERESOLVE       path: '/Users/suraj/Desktop/Project/persnol/portfolio/node_modules/eslint-config-next'
361 warn ERESOLVE     },
361 warn ERESOLVE     location: 'node_modules/eslint',
361 warn ERESOLVE     isWorkspace: false,
361 warn ERESOLVE     dependents: [ [Object] ]
361 warn ERESOLVE   },
361 warn ERESOLVE   force: false,
361 warn ERESOLVE   isMine: false,
361 warn ERESOLVE   strictPeerDeps: false,
361 warn ERESOLVE   current: {
361 warn ERESOLVE     name: 'eslint',
361 warn ERESOLVE     version: '10.8.1',
361 warn ERESOLVE     location: 'node_modules/eslint',
361 warn ERESOLVE     isWorkspace: false,
361 warn ERESOLVE     dependents: [ [Object] ]
361 warn ERESOLVE   },
361 warn ERESOLVE   peerConflict: {
361 warn ERESOLVE     name: 'eslint',
361 warn ERESOLVE     version: '10.8.1',
361 warn ERESOLVE     location: 'node_modules/eslint',
361 warn ERESOLVE     isWorkspace: false,
361 warn ERESOLVE     dependents: [ [Object] ]
361 warn ERESOLVE   }
361 warn ERESOLVE }
362 silly placeDep node_modules/eslint-config-next eslint-plugin-jsx-a11y@6.10.2 CONFLICT for: eslint-config-next@16.3.1 want: ^6.10.0
363 warn ERESOLVE overriding peer dependency {
363 warn ERESOLVE   code: 'ERESOLVE',
363 warn ERESOLVE   edge: {
363 warn ERESOLVE     type: 'peer',
363 warn ERESOLVE     name: 'eslint',
363 warn ERESOLVE     spec: '^3 || ^4 || ^5 || ^6 || ^7 || ^8 || ^9',
363 warn ERESOLVE     error: 'INVALID',
363 warn ERESOLVE     from: {
363 warn ERESOLVE       name: 'eslint-plugin-jsx-a11y',
363 warn ERESOLVE       version: '6.10.2',
363 warn ERESOLVE       location: 'node_modules/eslint-config-next/node_modules/eslint-plugin-jsx-a11y',
363 warn ERESOLVE       isWorkspace: false,
363 warn ERESOLVE       dependents: [Array]
363 warn ERESOLVE     }
363 warn ERESOLVE   },
363 warn ERESOLVE   dep: {
363 warn ERESOLVE     name: 'eslint',
363 warn ERESOLVE     version: '9.39.5',
363 warn ERESOLVE     whileInstalling: {
363 warn ERESOLVE       name: 'eslint-config-next',
363 warn ERESOLVE       version: '16.3.1',
363 warn ERESOLVE       path: '/Users/suraj/Desktop/Project/persnol/portfolio/node_modules/eslint-config-next'
363 warn ERESOLVE     },
363 warn ERESOLVE     location: 'node_modules/eslint',
363 warn ERESOLVE     isWorkspace: false,
363 warn ERESOLVE     dependents: [ [Object] ]
363 warn ERESOLVE   },
363 warn ERESOLVE   force: false,
363 warn ERESOLVE   isMine: false,
363 warn ERESOLVE   strictPeerDeps: false,
363 warn ERESOLVE   current: {
363 warn ERESOLVE     name: 'eslint',
363 warn ERESOLVE     version: '10.8.1',
363 warn ERESOLVE     location: 'node_modules/eslint',
363 warn ERESOLVE     isWorkspace: false,
363 warn ERESOLVE     dependents: [ [Object] ]
363 warn ERESOLVE   },
363 warn ERESOLVE   peerConflict: {
363 warn ERESOLVE     name: 'eslint',
363 warn ERESOLVE     version: '10.8.1',
363 warn ERESOLVE     location: 'node_modules/eslint',
363 warn ERESOLVE     isWorkspace: false,
363 warn ERESOLVE     dependents: [ [Object] ]
363 warn ERESOLVE   }
363 warn ERESOLVE }
364 silly placeDep node_modules/eslint-config-next eslint-plugin-react@7.37.5 CONFLICT for: eslint-config-next@16.3.1 want: ^7.37.0
365 warn ERESOLVE overriding peer dependency {
365 warn ERESOLVE   code: 'ERESOLVE',
365 warn ERESOLVE   edge: {
365 warn ERESOLVE     type: 'peer',
365 warn ERESOLVE     name: 'eslint',
365 warn ERESOLVE     spec: '^3 || ^4 || ^5 || ^6 || ^7 || ^8 || ^9.7',
365 warn ERESOLVE     error: 'INVALID',
365 warn ERESOLVE     from: {
365 warn ERESOLVE       name: 'eslint-plugin-react',
365 warn ERESOLVE       version: '7.37.5',
365 warn ERESOLVE       location: 'node_modules/eslint-config-next/node_modules/eslint-plugin-react',
365 warn ERESOLVE       isWorkspace: false,
365 warn ERESOLVE       dependents: [Array]
365 warn ERESOLVE     }
365 warn ERESOLVE   },
365 warn ERESOLVE   dep: {
365 warn ERESOLVE     name: 'eslint',
365 warn ERESOLVE     version: '9.39.5',
365 warn ERESOLVE     whileInstalling: {
365 warn ERESOLVE       name: 'eslint-config-next',
365 warn ERESOLVE       version: '16.3.1',
365 warn ERESOLVE       path: '/Users/suraj/Desktop/Project/persnol/portfolio/node_modules/eslint-config-next'
365 warn ERESOLVE     },
365 warn ERESOLVE     location: 'node_modules/eslint',
365 warn ERESOLVE     isWorkspace: false,
365 warn ERESOLVE     dependents: [ [Object] ]
365 warn ERESOLVE   },
365 warn ERESOLVE   force: false,
365 warn ERESOLVE   isMine: false,
365 warn ERESOLVE   strictPeerDeps: false,
365 warn ERESOLVE   current: {
365 warn ERESOLVE     name: 'eslint',
365 warn ERESOLVE     version: '10.8.1',
365 warn ERESOLVE     location: 'node_modules/eslint',
365 warn ERESOLVE     isWorkspace: false,
365 warn ERESOLVE     dependents: [ [Object] ]
365 warn ERESOLVE   },
365 warn ERESOLVE   peerConflict: {
365 warn ERESOLVE     name: 'eslint',
365 warn ERESOLVE     version: '10.8.1',
365 warn ERESOLVE     location: 'node_modules/eslint',
365 warn ERESOLVE     isWorkspace: false,
365 warn ERESOLVE     dependents: [ [Object] ]
365 warn ERESOLVE   }
365 warn ERESOLVE }
366 silly placeDep ROOT eslint-plugin-react-hooks@7.1.1 OK for: eslint-config-next@16.3.1 want: ^7.0.0
367 silly placeDep ROOT globals@16.4.0 OK for: eslint-config-next@16.3.1 want: 16.4.0
368 silly placeDep ROOT typescript-eslint@8.67.0 OK for: eslint-config-next@16.3.1 want: ^8.46.0
369 silly fetch manifest fast-glob@3.3.1
370 silly packumentCache full:https://registry.npmjs.org/fast-glob cache-miss
371 silly fetch manifest @eslint-community/eslint-utils@4.9.1
372 silly packumentCache full:https://registry.npmjs.org/@eslint-community%2feslint-utils cache-miss
373 silly fetch manifest debug@^4.4.0
374 silly packumentCache full:https://registry.npmjs.org/debug cache-miss
375 silly fetch manifest tinyglobby@^0.2.13
376 silly packumentCache full:https://registry.npmjs.org/tinyglobby cache-miss
377 silly fetch manifest stable-hash@^0.0.5
378 silly packumentCache full:https://registry.npmjs.org/stable-hash cache-miss
379 silly fetch manifest get-tsconfig@^4.10.0
380 silly packumentCache full:https://registry.npmjs.org/get-tsconfig cache-miss
381 silly fetch manifest is-bun-module@^2.0.0
382 silly packumentCache full:https://registry.npmjs.org/is-bun-module cache-miss
383 http cache https://registry.npmjs.org/@eslint-community%2feslint-utils 6ms (cache hit)
384 silly packumentCache full:https://registry.npmjs.org/@eslint-community%2feslint-utils set size:108339 disposed:false
385 silly fetch manifest unrs-resolver@^1.6.2
386 silly packumentCache full:https://registry.npmjs.org/unrs-resolver cache-miss
387 http fetch GET 200 https://registry.npmjs.org/is-bun-module 58ms (cache miss)
388 silly packumentCache full:https://registry.npmjs.org/is-bun-module set size:undefined disposed:false
389 silly fetch manifest @nolyfill/is-core-module@1.0.39
390 silly packumentCache full:https://registry.npmjs.org/@nolyfill%2fis-core-module cache-miss
391 http fetch GET 200 https://registry.npmjs.org/get-tsconfig 68ms (cache miss)
392 silly packumentCache full:https://registry.npmjs.org/get-tsconfig set size:undefined disposed:false
393 silly fetch manifest @rtsao/scc@^1.1.0
394 silly packumentCache full:https://registry.npmjs.org/@rtsao%2fscc cache-miss
395 http fetch GET 200 https://registry.npmjs.org/tinyglobby 70ms (cache miss)
396 silly packumentCache full:https://registry.npmjs.org/tinyglobby set size:undefined disposed:false
397 silly fetch manifest array-includes@^3.1.9
398 silly packumentCache full:https://registry.npmjs.org/array-includes cache-miss
399 http fetch GET 200 https://registry.npmjs.org/stable-hash 87ms (cache miss)
400 silly packumentCache full:https://registry.npmjs.org/stable-hash set size:undefined disposed:false
401 silly fetch manifest array.prototype.findlastindex@^1.2.6
402 silly packumentCache full:https://registry.npmjs.org/array.prototype.findlastindex cache-miss
403 http fetch GET 200 https://registry.npmjs.org/debug 92ms (cache miss)
404 silly packumentCache full:https://registry.npmjs.org/debug set size:undefined disposed:false
405 silly fetch manifest array.prototype.flat@^1.3.3
406 silly packumentCache full:https://registry.npmjs.org/array.prototype.flat cache-miss
407 http fetch GET 200 https://registry.npmjs.org/fast-glob 98ms (cache miss)
408 silly packumentCache full:https://registry.npmjs.org/fast-glob set size:undefined disposed:false
409 silly fetch manifest array.prototype.flatmap@^1.3.3
410 silly packumentCache full:https://registry.npmjs.org/array.prototype.flatmap cache-miss
411 http fetch GET 200 https://registry.npmjs.org/@rtsao%2fscc 63ms (cache miss)
412 silly packumentCache full:https://registry.npmjs.org/@rtsao%2fscc set size:undefined disposed:false
413 silly fetch manifest debug@^3.2.7
414 silly packumentCache full:https://registry.npmjs.org/debug cache-miss
415 http cache https://registry.npmjs.org/debug 1ms (cache hit)
416 silly packumentCache full:https://registry.npmjs.org/debug set size:195840 disposed:false
417 silly fetch manifest doctrine@^2.1.0
418 silly packumentCache full:https://registry.npmjs.org/doctrine cache-miss
419 http fetch GET 200 https://registry.npmjs.org/array-includes 76ms (cache miss)
420 silly packumentCache full:https://registry.npmjs.org/array-includes set size:undefined disposed:false
421 silly fetch manifest eslint-module-utils@^2.12.1
422 silly packumentCache full:https://registry.npmjs.org/eslint-module-utils cache-miss
423 http fetch GET 200 https://registry.npmjs.org/array.prototype.flat 61ms (cache miss)
424 silly packumentCache full:https://registry.npmjs.org/array.prototype.flat set size:undefined disposed:false
425 silly fetch manifest is-core-module@^2.16.1
426 silly packumentCache full:https://registry.npmjs.org/is-core-module cache-miss
427 http fetch GET 200 https://registry.npmjs.org/array.prototype.flatmap 70ms (cache miss)
428 silly packumentCache full:https://registry.npmjs.org/array.prototype.flatmap set size:undefined disposed:false
429 silly fetch manifest minimatch@^3.1.2
430 silly packumentCache full:https://registry.npmjs.org/minimatch cache-hit
431 silly fetch manifest object.groupby@^1.0.3
432 silly packumentCache full:https://registry.npmjs.org/object.groupby cache-miss
433 http fetch GET 200 https://registry.npmjs.org/doctrine 69ms (cache miss)
434 silly packumentCache full:https://registry.npmjs.org/doctrine set size:undefined disposed:false
435 silly fetch manifest object.values@^1.2.1
436 silly packumentCache full:https://registry.npmjs.org/object.values cache-miss
437 http fetch GET 200 https://registry.npmjs.org/is-core-module 79ms (cache miss)
438 silly packumentCache full:https://registry.npmjs.org/is-core-module set size:undefined disposed:false
439 silly fetch manifest semver@^6.3.1
440 silly packumentCache full:https://registry.npmjs.org/semver cache-miss
441 http fetch GET 200 https://registry.npmjs.org/object.groupby 73ms (cache miss)
442 silly packumentCache full:https://registry.npmjs.org/object.groupby set size:undefined disposed:false
443 silly fetch manifest string.prototype.trimend@^1.0.9
444 silly packumentCache full:https://registry.npmjs.org/string.prototype.trimend cache-miss
445 http fetch GET 200 https://registry.npmjs.org/eslint-module-utils 99ms (cache miss)
446 silly packumentCache full:https://registry.npmjs.org/eslint-module-utils set size:undefined disposed:false
447 silly fetch manifest tsconfig-paths@^3.15.0
448 silly packumentCache full:https://registry.npmjs.org/tsconfig-paths cache-miss
449 http fetch GET 200 https://registry.npmjs.org/object.values 68ms (cache miss)
450 silly packumentCache full:https://registry.npmjs.org/object.values set size:undefined disposed:false
451 silly fetch manifest aria-query@^5.3.2
452 silly packumentCache full:https://registry.npmjs.org/aria-query cache-miss
453 http fetch GET 200 https://registry.npmjs.org/string.prototype.trimend 74ms (cache miss)
454 silly packumentCache full:https://registry.npmjs.org/string.prototype.trimend set size:undefined disposed:false
455 silly fetch manifest ast-types-flow@^0.0.8
456 silly packumentCache full:https://registry.npmjs.org/ast-types-flow cache-miss
457 http fetch GET 200 https://registry.npmjs.org/unrs-resolver 321ms (cache miss)
458 silly packumentCache full:https://registry.npmjs.org/unrs-resolver set size:undefined disposed:false
459 silly fetch manifest axe-core@^4.10.0
460 silly packumentCache full:https://registry.npmjs.org/axe-core cache-miss
461 http fetch GET 200 https://registry.npmjs.org/semver 107ms (cache miss)
462 silly packumentCache full:https://registry.npmjs.org/semver set size:undefined disposed:false
463 silly fetch manifest axobject-query@^4.1.0
464 silly packumentCache full:https://registry.npmjs.org/axobject-query cache-miss
465 http fetch GET 200 https://registry.npmjs.org/aria-query 69ms (cache miss)
466 silly packumentCache full:https://registry.npmjs.org/aria-query set size:undefined disposed:false
467 silly fetch manifest damerau-levenshtein@^1.0.8
468 silly packumentCache full:https://registry.npmjs.org/damerau-levenshtein cache-miss
469 http fetch GET 200 https://registry.npmjs.org/@nolyfill%2fis-core-module 303ms (cache miss)
470 silly packumentCache full:https://registry.npmjs.org/@nolyfill%2fis-core-module set size:undefined disposed:false
471 silly fetch manifest language-tags@^1.0.9
472 silly packumentCache full:https://registry.npmjs.org/language-tags cache-miss
473 http fetch GET 200 https://registry.npmjs.org/ast-types-flow 65ms (cache miss)
474 silly packumentCache full:https://registry.npmjs.org/ast-types-flow set size:undefined disposed:false
475 silly fetch manifest string.prototype.includes@^2.0.1
476 silly packumentCache full:https://registry.npmjs.org/string.prototype.includes cache-miss
477 http fetch GET 200 https://registry.npmjs.org/damerau-levenshtein 65ms (cache miss)
478 silly packumentCache full:https://registry.npmjs.org/damerau-levenshtein set size:undefined disposed:false
479 silly fetch manifest array.prototype.findlast@^1.2.5
480 silly packumentCache full:https://registry.npmjs.org/array.prototype.findlast cache-miss
481 http fetch GET 200 https://registry.npmjs.org/axobject-query 67ms (cache miss)
482 silly packumentCache full:https://registry.npmjs.org/axobject-query set size:undefined disposed:false
483 silly fetch manifest array.prototype.tosorted@^1.1.4
484 silly packumentCache full:https://registry.npmjs.org/array.prototype.tosorted cache-miss
485 http fetch GET 200 https://registry.npmjs.org/language-tags 69ms (cache miss)
486 silly packumentCache full:https://registry.npmjs.org/language-tags set size:undefined disposed:false
487 silly fetch manifest es-iterator-helpers@^1.2.1
488 silly packumentCache full:https://registry.npmjs.org/es-iterator-helpers cache-miss
489 http fetch GET 200 https://registry.npmjs.org/array.prototype.findlastindex 350ms (cache miss)
490 silly packumentCache full:https://registry.npmjs.org/array.prototype.findlastindex set size:undefined disposed:false
491 silly fetch manifest object.entries@^1.1.9
492 silly packumentCache full:https://registry.npmjs.org/object.entries cache-miss
493 http fetch GET 200 https://registry.npmjs.org/string.prototype.includes 62ms (cache miss)
494 silly packumentCache full:https://registry.npmjs.org/string.prototype.includes set size:undefined disposed:false
495 silly fetch manifest prop-types@^15.8.1
496 silly packumentCache full:https://registry.npmjs.org/prop-types cache-miss
497 http fetch GET 200 https://registry.npmjs.org/array.prototype.tosorted 59ms (cache miss)
498 silly packumentCache full:https://registry.npmjs.org/array.prototype.tosorted set size:undefined disposed:false
499 silly fetch manifest resolve@^2.0.0-next.5
500 silly packumentCache full:https://registry.npmjs.org/resolve cache-miss
501 http fetch GET 200 https://registry.npmjs.org/array.prototype.findlast 63ms (cache miss)
502 silly packumentCache full:https://registry.npmjs.org/array.prototype.findlast set size:undefined disposed:false
503 silly fetch manifest string.prototype.matchall@^4.0.12
504 silly packumentCache full:https://registry.npmjs.org/string.prototype.matchall cache-miss
505 http fetch GET 200 https://registry.npmjs.org/es-iterator-helpers 68ms (cache miss)
506 silly packumentCache full:https://registry.npmjs.org/es-iterator-helpers set size:undefined disposed:false
507 silly fetch manifest string.prototype.repeat@^1.0.0
508 silly packumentCache full:https://registry.npmjs.org/string.prototype.repeat cache-miss
509 http fetch GET 200 https://registry.npmjs.org/prop-types 87ms (cache miss)
510 silly packumentCache full:https://registry.npmjs.org/prop-types set size:undefined disposed:false
511 silly fetch manifest zod@^3.25.0 || ^4.0.0
512 silly packumentCache full:https://registry.npmjs.org/zod cache-miss
513 http fetch GET 200 https://registry.npmjs.org/object.entries 116ms (cache miss)
514 silly packumentCache full:https://registry.npmjs.org/object.entries set size:undefined disposed:false
515 silly fetch manifest @babel/core@^7.24.4
516 silly packumentCache full:https://registry.npmjs.org/@babel%2fcore cache-miss
517 http fetch GET 200 https://registry.npmjs.org/string.prototype.matchall 81ms (cache miss)
518 silly packumentCache full:https://registry.npmjs.org/string.prototype.matchall set size:undefined disposed:false
519 silly fetch manifest @babel/parser@^7.24.4
520 silly packumentCache full:https://registry.npmjs.org/@babel%2fparser cache-miss
521 http fetch GET 200 https://registry.npmjs.org/string.prototype.repeat 82ms (cache miss)
522 silly packumentCache full:https://registry.npmjs.org/string.prototype.repeat set size:undefined disposed:false
523 silly fetch manifest hermes-parser@^0.25.1
524 silly packumentCache full:https://registry.npmjs.org/hermes-parser cache-miss
525 http fetch GET 200 https://registry.npmjs.org/resolve 156ms (cache miss)
526 silly packumentCache full:https://registry.npmjs.org/resolve set size:undefined disposed:false
527 silly fetch manifest zod-validation-error@^3.5.0 || ^4.0.0
528 silly packumentCache full:https://registry.npmjs.org/zod-validation-error cache-miss
529 http fetch GET 200 https://registry.npmjs.org/@babel%2fcore 102ms (cache miss)
530 silly packumentCache full:https://registry.npmjs.org/@babel%2fcore set size:undefined disposed:false
531 silly fetch manifest @typescript-eslint/utils@8.67.0
532 silly packumentCache full:https://registry.npmjs.org/@typescript-eslint%2futils cache-miss
533 http fetch GET 200 https://registry.npmjs.org/tsconfig-paths 416ms (cache miss)
534 silly packumentCache full:https://registry.npmjs.org/tsconfig-paths set size:undefined disposed:false
535 silly fetch manifest @typescript-eslint/parser@8.67.0
536 silly packumentCache full:https://registry.npmjs.org/@typescript-eslint%2fparser cache-miss
537 http fetch GET 200 https://registry.npmjs.org/hermes-parser 80ms (cache miss)
538 silly packumentCache full:https://registry.npmjs.org/hermes-parser set size:undefined disposed:false
539 silly fetch manifest @typescript-eslint/eslint-plugin@8.67.0
540 silly packumentCache full:https://registry.npmjs.org/@typescript-eslint%2feslint-plugin cache-miss
541 http cache https://registry.npmjs.org/@typescript-eslint%2futils 18ms (cache hit)
542 silly packumentCache full:https://registry.npmjs.org/@typescript-eslint%2futils set size:10736244 disposed:false
543 silly fetch manifest @typescript-eslint/typescript-estree@8.67.0
544 silly packumentCache full:https://registry.npmjs.org/@typescript-eslint%2ftypescript-estree cache-miss
545 http fetch GET 200 https://registry.npmjs.org/zod-validation-error 90ms (cache miss)
546 silly packumentCache full:https://registry.npmjs.org/zod-validation-error set size:undefined disposed:false
547 http fetch GET 200 https://registry.npmjs.org/@babel%2fparser 421ms (cache miss)
548 silly packumentCache full:https://registry.npmjs.org/@babel%2fparser set size:undefined disposed:false
549 http fetch GET 200 https://registry.npmjs.org/zod 538ms (cache miss)
550 silly packumentCache full:https://registry.npmjs.org/zod set size:undefined disposed:false
551 http fetch GET 200 https://registry.npmjs.org/axe-core 766ms (cache miss)
552 silly packumentCache full:https://registry.npmjs.org/axe-core set size:undefined disposed:false
553 http fetch GET 200 https://registry.npmjs.org/@typescript-eslint%2ftypescript-estree 1386ms (cache miss)
554 silly packumentCache full:https://registry.npmjs.org/@typescript-eslint%2ftypescript-estree set size:undefined disposed:false
555 http fetch GET 200 https://registry.npmjs.org/@typescript-eslint%2fparser 1902ms (cache miss)
556 silly packumentCache full:https://registry.npmjs.org/@typescript-eslint%2fparser set size:undefined disposed:false
557 http fetch GET 200 https://registry.npmjs.org/@typescript-eslint%2feslint-plugin 2963ms (cache miss)
558 silly packumentCache full:https://registry.npmjs.org/@typescript-eslint%2feslint-plugin set size:undefined disposed:false
559 silly placeDep node_modules/@next/eslint-plugin-next @eslint-community/eslint-utils@4.9.1 OK for: @next/eslint-plugin-next@16.3.1 want: 4.9.1
560 silly placeDep node_modules/@next/eslint-plugin-next fast-glob@3.3.1 OK for: @next/eslint-plugin-next@16.3.1 want: 3.3.1
561 silly fetch manifest glob-parent@^5.1.2
562 silly packumentCache full:https://registry.npmjs.org/glob-parent cache-miss
563 http fetch GET 200 https://registry.npmjs.org/glob-parent 65ms (cache miss)
564 silly packumentCache full:https://registry.npmjs.org/glob-parent set size:undefined disposed:false
565 silly placeDep ROOT @babel/core@7.29.7 OK for: eslint-plugin-react-hooks@7.1.1 want: ^7.24.4
566 silly placeDep ROOT @babel/parser@7.29.8 OK for: eslint-plugin-react-hooks@7.1.1 want: ^7.24.4
567 silly placeDep ROOT hermes-parser@0.25.1 OK for: eslint-plugin-react-hooks@7.1.1 want: ^0.25.1
568 silly placeDep ROOT zod@4.4.3 OK for: eslint-plugin-react-hooks@7.1.1 want: ^3.25.0 || ^4.0.0
569 silly placeDep ROOT zod-validation-error@4.0.2 OK for: eslint-plugin-react-hooks@7.1.1 want: ^3.5.0 || ^4.0.0
570 silly fetch manifest json5@^2.2.3
571 silly packumentCache full:https://registry.npmjs.org/json5 cache-miss
572 silly fetch manifest gensync@^1.0.0-beta.2
573 silly packumentCache full:https://registry.npmjs.org/gensync cache-miss
574 silly fetch manifest @babel/types@^7.29.7
575 silly packumentCache full:https://registry.npmjs.org/@babel%2ftypes cache-miss
576 silly fetch manifest @babel/parser@^7.29.7
577 silly packumentCache full:https://registry.npmjs.org/@babel%2fparser cache-miss
578 silly fetch manifest @babel/helpers@^7.29.7
579 silly packumentCache full:https://registry.npmjs.org/@babel%2fhelpers cache-miss
580 silly fetch manifest @babel/template@^7.29.7
581 silly packumentCache full:https://registry.npmjs.org/@babel%2ftemplate cache-miss
582 silly fetch manifest @babel/traverse@^7.29.7
583 silly packumentCache full:https://registry.npmjs.org/@babel%2ftraverse cache-miss
584 http cache https://registry.npmjs.org/@babel%2fparser 3ms (cache hit)
585 silly packumentCache full:https://registry.npmjs.org/@babel%2fparser set size:737961 disposed:false
586 silly fetch manifest @babel/generator@^7.29.7
587 silly packumentCache full:https://registry.npmjs.org/@babel%2fgenerator cache-miss
588 http fetch GET 200 https://registry.npmjs.org/gensync 62ms (cache miss)
589 silly packumentCache full:https://registry.npmjs.org/gensync set size:undefined disposed:false
590 silly fetch manifest @babel/code-frame@^7.29.7
591 silly packumentCache full:https://registry.npmjs.org/@babel%2fcode-frame cache-miss
592 http fetch GET 200 https://registry.npmjs.org/@babel%2ftemplate 81ms (cache miss)
593 silly packumentCache full:https://registry.npmjs.org/@babel%2ftemplate set size:undefined disposed:false
594 silly fetch manifest convert-source-map@^2.0.0
595 silly packumentCache full:https://registry.npmjs.org/convert-source-map cache-miss
596 http fetch GET 200 https://registry.npmjs.org/@babel%2fhelpers 108ms (cache miss)
597 silly packumentCache full:https://registry.npmjs.org/@babel%2fhelpers set size:undefined disposed:false
598 silly fetch manifest @jridgewell/remapping@^2.3.5
599 silly packumentCache full:https://registry.npmjs.org/@jridgewell%2fremapping cache-miss
600 http fetch GET 200 https://registry.npmjs.org/json5 122ms (cache miss)
601 silly packumentCache full:https://registry.npmjs.org/json5 set size:undefined disposed:false
602 silly fetch manifest @babel/helper-module-transforms@^7.29.7
603 silly packumentCache full:https://registry.npmjs.org/@babel%2fhelper-module-transforms cache-miss
604 http fetch GET 200 https://registry.npmjs.org/convert-source-map 60ms (cache miss)
605 silly packumentCache full:https://registry.npmjs.org/convert-source-map set size:undefined disposed:false
606 silly fetch manifest @babel/helper-compilation-targets@^7.29.7
607 silly packumentCache full:https://registry.npmjs.org/@babel%2fhelper-compilation-targets cache-miss
608 http fetch GET 200 https://registry.npmjs.org/@babel%2fcode-frame 109ms (cache miss)
609 silly packumentCache full:https://registry.npmjs.org/@babel%2fcode-frame set size:undefined disposed:false
610 silly fetch manifest @babel/types@^7.29.8
611 silly packumentCache full:https://registry.npmjs.org/@babel%2ftypes cache-miss
612 http fetch GET 200 https://registry.npmjs.org/@jridgewell%2fremapping 63ms (cache miss)
613 silly packumentCache full:https://registry.npmjs.org/@jridgewell%2fremapping set size:undefined disposed:false
614 silly fetch manifest hermes-estree@0.25.1
615 silly packumentCache full:https://registry.npmjs.org/hermes-estree cache-miss
616 http fetch GET 200 https://registry.npmjs.org/@babel%2ftraverse 179ms (cache miss)
617 silly packumentCache full:https://registry.npmjs.org/@babel%2ftraverse set size:undefined disposed:false
618 http fetch GET 200 https://registry.npmjs.org/@babel%2fhelper-compilation-targets 72ms (cache miss)
619 silly packumentCache full:https://registry.npmjs.org/@babel%2fhelper-compilation-targets set size:undefined disposed:false
620 http fetch GET 200 https://registry.npmjs.org/hermes-estree 66ms (cache miss)
621 silly packumentCache full:https://registry.npmjs.org/hermes-estree set size:undefined disposed:false
622 http fetch GET 200 https://registry.npmjs.org/@babel%2fhelper-module-transforms 250ms (cache miss)
623 silly packumentCache full:https://registry.npmjs.org/@babel%2fhelper-module-transforms set size:undefined disposed:false
624 http fetch GET 200 https://registry.npmjs.org/@babel%2ftypes 391ms (cache miss)
625 silly packumentCache full:https://registry.npmjs.org/@babel%2ftypes set size:undefined disposed:false
626 http fetch GET 200 https://registry.npmjs.org/@babel%2fgenerator 427ms (cache miss)
627 silly packumentCache full:https://registry.npmjs.org/@babel%2fgenerator set size:undefined disposed:false
628 http fetch GET 200 https://registry.npmjs.org/@babel%2ftypes 271ms (cache miss)
629 silly packumentCache full:https://registry.npmjs.org/@babel%2ftypes set size:undefined disposed:false
630 silly fetch manifest @babel/core@^7.0.0
631 silly packumentCache full:https://registry.npmjs.org/@babel%2fcore cache-miss
632 http cache https://registry.npmjs.org/@babel%2fcore 3ms (cache hit)
633 silly packumentCache full:https://registry.npmjs.org/@babel%2fcore set size:788273 disposed:false
634 silly placeDep ROOT @babel/code-frame@7.29.7 OK for: @babel/core@7.29.7 want: ^7.29.7
635 silly placeDep ROOT @babel/generator@7.29.8 OK for: @babel/core@7.29.7 want: ^7.29.7
636 silly placeDep ROOT @babel/helper-compilation-targets@7.29.7 OK for: @babel/core@7.29.7 want: ^7.29.7
637 silly placeDep ROOT @babel/helper-module-transforms@7.29.7 OK for: @babel/core@7.29.7 want: ^7.29.7
638 silly placeDep ROOT @babel/helpers@7.29.7 OK for: @babel/core@7.29.7 want: ^7.29.7
639 silly placeDep ROOT @babel/template@7.29.7 OK for: @babel/core@7.29.7 want: ^7.29.7
640 silly placeDep ROOT @babel/traverse@7.29.8 OK for: @babel/core@7.29.7 want: ^7.29.7
641 silly placeDep ROOT @babel/types@7.29.8 OK for: @babel/core@7.29.7 want: ^7.29.7
642 silly placeDep ROOT @jridgewell/remapping@2.3.5 OK for: @babel/core@7.29.7 want: ^2.3.5
643 silly placeDep ROOT convert-source-map@2.0.0 OK for: @babel/core@7.29.7 want: ^2.0.0
644 silly placeDep ROOT gensync@1.0.0-beta.2 OK for: @babel/core@7.29.7 want: ^1.0.0-beta.2
645 silly placeDep ROOT json5@2.2.3 OK for: @babel/core@7.29.7 want: ^2.2.3
646 silly placeDep node_modules/@babel/core semver@6.3.1 OK for: @babel/core@7.29.7 want: ^6.3.1
647 silly fetch manifest picocolors@^1.1.1
648 silly packumentCache full:https://registry.npmjs.org/picocolors cache-miss
649 silly fetch manifest @babel/helper-validator-identifier@^7.29.7
650 silly packumentCache full:https://registry.npmjs.org/@babel%2fhelper-validator-identifier cache-miss
651 silly fetch manifest jsesc@^3.0.2
652 silly packumentCache full:https://registry.npmjs.org/jsesc cache-miss
653 silly fetch manifest @jridgewell/gen-mapping@^0.3.12
654 silly packumentCache full:https://registry.npmjs.org/@jridgewell%2fgen-mapping cache-miss
655 silly fetch manifest @jridgewell/trace-mapping@^0.3.28
656 silly packumentCache full:https://registry.npmjs.org/@jridgewell%2ftrace-mapping cache-miss
657 silly fetch manifest lru-cache@^5.1.1
658 silly packumentCache full:https://registry.npmjs.org/lru-cache cache-miss
659 silly fetch manifest browserslist@^4.24.0
660 silly packumentCache full:https://registry.npmjs.org/browserslist cache-miss
661 http fetch GET 200 https://registry.npmjs.org/jsesc 62ms (cache miss)
662 silly packumentCache full:https://registry.npmjs.org/jsesc set size:undefined disposed:false
663 silly fetch manifest @babel/compat-data@^7.29.7
664 silly packumentCache full:https://registry.npmjs.org/@babel%2fcompat-data cache-miss
665 http fetch GET 200 https://registry.npmjs.org/picocolors 70ms (cache miss)
666 silly packumentCache full:https://registry.npmjs.org/picocolors set size:undefined disposed:false
667 silly fetch manifest @babel/helper-validator-option@^7.29.7
668 silly packumentCache full:https://registry.npmjs.org/@babel%2fhelper-validator-option cache-miss
669 http fetch GET 200 https://registry.npmjs.org/@babel%2fhelper-validator-identifier 71ms (cache miss)
670 silly packumentCache full:https://registry.npmjs.org/@babel%2fhelper-validator-identifier set size:undefined disposed:false
671 silly fetch manifest @babel/helper-module-imports@^7.29.7
672 silly packumentCache full:https://registry.npmjs.org/@babel%2fhelper-module-imports cache-miss
673 http fetch GET 200 https://registry.npmjs.org/@jridgewell%2ftrace-mapping 99ms (cache miss)
674 silly packumentCache full:https://registry.npmjs.org/@jridgewell%2ftrace-mapping set size:undefined disposed:false
675 silly fetch manifest @babel/helper-globals@^7.29.7
676 silly packumentCache full:https://registry.npmjs.org/@babel%2fhelper-globals cache-miss
677 http fetch GET 200 https://registry.npmjs.org/@jridgewell%2fgen-mapping 121ms (cache miss)
678 silly packumentCache full:https://registry.npmjs.org/@jridgewell%2fgen-mapping set size:undefined disposed:false
679 silly fetch manifest @babel/helper-string-parser@^7.29.7
680 silly packumentCache full:https://registry.npmjs.org/@babel%2fhelper-string-parser cache-miss
681 http fetch GET 200 https://registry.npmjs.org/@babel%2fcompat-data 93ms (cache miss)
682 silly packumentCache full:https://registry.npmjs.org/@babel%2fcompat-data set size:undefined disposed:false
683 http fetch GET 200 https://registry.npmjs.org/lru-cache 164ms (cache miss)
684 silly packumentCache full:https://registry.npmjs.org/lru-cache set size:undefined disposed:false
685 http fetch GET 200 https://registry.npmjs.org/@babel%2fhelper-globals 71ms (cache miss)
686 silly packumentCache full:https://registry.npmjs.org/@babel%2fhelper-globals set size:undefined disposed:false
687 http fetch GET 200 https://registry.npmjs.org/browserslist 177ms (cache miss)
688 silly packumentCache full:https://registry.npmjs.org/browserslist set size:undefined disposed:false
689 http fetch GET 200 https://registry.npmjs.org/@babel%2fhelper-module-imports 114ms (cache miss)
690 silly packumentCache full:https://registry.npmjs.org/@babel%2fhelper-module-imports set size:undefined disposed:false
691 http fetch GET 200 https://registry.npmjs.org/@babel%2fhelper-string-parser 125ms (cache miss)
692 silly packumentCache full:https://registry.npmjs.org/@babel%2fhelper-string-parser set size:undefined disposed:false
693 http fetch GET 200 https://registry.npmjs.org/@babel%2fhelper-validator-option 303ms (cache miss)
694 silly packumentCache full:https://registry.npmjs.org/@babel%2fhelper-validator-option set size:undefined disposed:false
695 silly placeDep ROOT @babel/helper-validator-identifier@7.29.7 OK for: @babel/code-frame@7.29.7 want: ^7.29.7
696 silly placeDep ROOT picocolors@1.1.1 REPLACE for: @babel/code-frame@7.29.7 want: ^1.1.1
697 silly placeDep ROOT @jridgewell/gen-mapping@0.3.13 REPLACE for: @babel/generator@7.29.8 want: ^0.3.12
698 silly placeDep ROOT @jridgewell/trace-mapping@0.3.31 REPLACE for: @babel/generator@7.29.8 want: ^0.3.28
699 silly placeDep ROOT jsesc@3.1.0 OK for: @babel/generator@7.29.8 want: ^3.0.2
700 silly placeDep ROOT @babel/compat-data@7.29.7 OK for: @babel/helper-compilation-targets@7.29.7 want: ^7.29.7
701 silly placeDep ROOT @babel/helper-validator-option@7.29.7 OK for: @babel/helper-compilation-targets@7.29.7 want: ^7.29.7
702 silly placeDep ROOT browserslist@4.28.8 OK for: @babel/helper-compilation-targets@7.29.7 want: ^4.24.0
703 silly placeDep node_modules/@babel/helper-compilation-targets lru-cache@5.1.1 OK for: @babel/helper-compilation-targets@7.29.7 want: ^5.1.1
704 silly placeDep node_modules/@babel/helper-compilation-targets semver@6.3.1 OK for: @babel/helper-compilation-targets@7.29.7 want: ^6.3.1
705 silly fetch manifest caniuse-lite@^1.0.30001809
706 silly packumentCache full:https://registry.npmjs.org/caniuse-lite cache-miss
707 silly fetch manifest node-releases@^2.0.53
708 silly packumentCache full:https://registry.npmjs.org/node-releases cache-miss
709 silly fetch manifest electron-to-chromium@^1.5.402
710 silly packumentCache full:https://registry.npmjs.org/electron-to-chromium cache-miss
711 silly fetch manifest update-browserslist-db@^1.3.0
712 silly packumentCache full:https://registry.npmjs.org/update-browserslist-db cache-miss
713 silly fetch manifest baseline-browser-mapping@^2.11.12
714 silly packumentCache full:https://registry.npmjs.org/baseline-browser-mapping cache-miss
715 silly fetch manifest yallist@^3.0.2
716 silly packumentCache full:https://registry.npmjs.org/yallist cache-miss
717 http cache https://registry.npmjs.org/baseline-browser-mapping 5ms (cache hit)
718 silly packumentCache full:https://registry.npmjs.org/baseline-browser-mapping set size:601176 disposed:false
719 http fetch GET 200 https://registry.npmjs.org/yallist 78ms (cache miss)
720 silly packumentCache full:https://registry.npmjs.org/yallist set size:undefined disposed:false
721 http fetch GET 200 https://registry.npmjs.org/update-browserslist-db 86ms (cache miss)
722 silly packumentCache full:https://registry.npmjs.org/update-browserslist-db set size:undefined disposed:false
723 http fetch GET 200 https://registry.npmjs.org/node-releases 144ms (cache miss)
724 silly packumentCache full:https://registry.npmjs.org/node-releases set size:undefined disposed:false
725 http fetch GET 200 https://registry.npmjs.org/caniuse-lite 310ms (cache miss)
726 silly packumentCache full:https://registry.npmjs.org/caniuse-lite set size:undefined disposed:false
727 http fetch GET 200 https://registry.npmjs.org/electron-to-chromium 698ms (cache miss)
728 silly packumentCache full:https://registry.npmjs.org/electron-to-chromium set size:undefined disposed:false
729 silly placeDep ROOT @babel/helper-module-imports@7.29.7 OK for: @babel/helper-module-transforms@7.29.7 want: ^7.29.7
730 silly placeDep ROOT @babel/helper-globals@7.29.7 OK for: @babel/traverse@7.29.8 want: ^7.29.7
731 silly placeDep ROOT @babel/helper-string-parser@7.29.7 OK for: @babel/types@7.29.8 want: ^7.29.7
732 silly fetch manifest browserslist@>= 4.21.0
733 silly packumentCache full:https://registry.npmjs.org/browserslist cache-miss
734 http cache https://registry.npmjs.org/browserslist 2ms (cache hit)
735 silly packumentCache full:https://registry.npmjs.org/browserslist set size:518659 disposed:false
736 silly placeDep ROOT baseline-browser-mapping@2.11.15 OK for: browserslist@4.28.8 want: ^2.11.12
737 silly placeDep ROOT caniuse-lite@1.0.30001809 REPLACE for: browserslist@4.28.8 want: ^1.0.30001809
738 silly placeDep ROOT electron-to-chromium@1.5.411 OK for: browserslist@4.28.8 want: ^1.5.402
739 silly placeDep ROOT node-releases@2.0.53 OK for: browserslist@4.28.8 want: ^2.0.53
740 silly placeDep ROOT update-browserslist-db@1.3.1 OK for: browserslist@4.28.8 want: ^1.3.0
741 silly fetch manifest escalade@^3.2.0
742 silly packumentCache full:https://registry.npmjs.org/escalade cache-miss
743 http fetch GET 200 https://registry.npmjs.org/escalade 99ms (cache miss)
744 silly packumentCache full:https://registry.npmjs.org/escalade set size:undefined disposed:false
745 silly placeDep ROOT @types/esrecurse@4.3.1 OK for: eslint-scope@9.1.2 want: ^4.3.1
746 silly placeDep ROOT esrecurse@4.3.0 OK for: eslint-scope@9.1.2 want: ^4.3.0
747 silly placeDep ROOT acorn@8.18.0 OK for: espree@11.2.0 want: ^8.16.0
748 silly placeDep ROOT acorn-jsx@5.3.2 OK for: espree@11.2.0 want: ^5.3.2
749 silly placeDep node_modules/espree eslint-visitor-keys@5.0.1 OK for: espree@11.2.0 want: ^5.0.1
750 silly placeDep ROOT flat-cache@4.0.1 OK for: file-entry-cache@8.0.0 want: ^4.0.0
751 silly fetch manifest keyv@^4.5.4
752 silly packumentCache full:https://registry.npmjs.org/keyv cache-miss
753 silly fetch manifest flatted@^3.2.9
754 silly packumentCache full:https://registry.npmjs.org/flatted cache-miss
755 http fetch GET 200 https://registry.npmjs.org/flatted 70ms (cache miss)
756 silly packumentCache full:https://registry.npmjs.org/flatted set size:undefined disposed:false
757 http fetch GET 200 https://registry.npmjs.org/keyv 101ms (cache miss)
758 silly packumentCache full:https://registry.npmjs.org/keyv set size:undefined disposed:false
759 silly placeDep ROOT flatted@3.4.4 OK for: flat-cache@4.0.1 want: ^3.2.9
760 silly placeDep ROOT keyv@4.5.4 OK for: flat-cache@4.0.1 want: ^4.5.4
761 silly fetch manifest json-buffer@3.0.1
762 silly packumentCache full:https://registry.npmjs.org/json-buffer cache-miss
763 http fetch GET 200 https://registry.npmjs.org/json-buffer 63ms (cache miss)
764 silly packumentCache full:https://registry.npmjs.org/json-buffer set size:undefined disposed:false
765 silly placeDep ROOT hermes-estree@0.25.1 OK for: hermes-parser@0.25.1 want: 0.25.1
766 silly placeDep ROOT json-buffer@3.0.1 OK for: keyv@4.5.4 want: 3.0.1
767 silly placeDep ROOT brace-expansion@5.0.9 OK for: minimatch@10.2.6 want: ^5.0.8
768 silly fetch manifest balanced-match@^4.0.2
769 silly packumentCache full:https://registry.npmjs.org/balanced-match cache-miss
770 http fetch GET 200 https://registry.npmjs.org/balanced-match 67ms (cache miss)
771 silly packumentCache full:https://registry.npmjs.org/balanced-match set size:undefined disposed:false
772 silly placeDep node_modules/brace-expansion balanced-match@4.0.4 OK for: brace-expansion@5.0.9 want: ^4.0.2
773 silly fetch manifest react@^18.2.0 || 19.0.0-rc-de68d2f4-20241204 || ^19.0.0
774 silly packumentCache full:https://registry.npmjs.org/react cache-miss
775 http cache https://registry.npmjs.org/react 21ms (cache hit)
776 silly packumentCache full:https://registry.npmjs.org/react set size:6897881 disposed:false
777 silly placeDep ROOT @next/env@16.3.1 OK for: next@16.3.1 want: 16.3.1
778 silly placeDep ROOT @next/swc-darwin-arm64@16.3.1 OK for: next@16.3.1 want: 16.3.1
779 silly placeDep ROOT @next/swc-darwin-x64@16.3.1 OK for: next@16.3.1 want: 16.3.1
780 silly placeDep ROOT @next/swc-linux-arm64-gnu@16.3.1 OK for: next@16.3.1 want: 16.3.1
781 silly placeDep ROOT @next/swc-linux-arm64-musl@16.3.1 OK for: next@16.3.1 want: 16.3.1
782 silly placeDep ROOT @next/swc-linux-x64-gnu@16.3.1 OK for: next@16.3.1 want: 16.3.1
783 silly placeDep ROOT @next/swc-linux-x64-musl@16.3.1 OK for: next@16.3.1 want: 16.3.1
784 silly placeDep ROOT @next/swc-win32-arm64-msvc@16.3.1 OK for: next@16.3.1 want: 16.3.1
785 silly placeDep ROOT @next/swc-win32-x64-msvc@16.3.1 OK for: next@16.3.1 want: 16.3.1
786 silly placeDep ROOT @swc/helpers@0.5.23 REPLACE for: next@16.3.1 want: 0.5.23
787 silly placeDep ROOT postcss@8.5.23 REPLACE for: next@16.3.1 want: 8.5.23
788 silly placeDep ROOT sharp@0.35.3 OK for: next@16.3.1 want: ^0.35.3
789 silly placeDep ROOT styled-jsx@5.1.6 OK for: next@16.3.1 want: 5.1.6
790 silly fetch manifest tslib@^2.8.0
791 silly packumentCache full:https://registry.npmjs.org/tslib cache-miss
792 silly fetch manifest nanoid@^3.3.16
793 silly packumentCache full:https://registry.npmjs.org/nanoid cache-miss
794 silly fetch manifest source-map-js@^1.2.1
795 silly packumentCache full:https://registry.npmjs.org/source-map-js cache-miss
796 silly fetch manifest @img/colour@^1.1.0
797 silly packumentCache full:https://registry.npmjs.org/@img%2fcolour cache-miss
798 silly fetch manifest detect-libc@^2.1.2
799 silly packumentCache full:https://registry.npmjs.org/detect-libc cache-miss
800 silly fetch manifest semver@^7.8.5
801 silly packumentCache full:https://registry.npmjs.org/semver cache-miss
802 silly fetch manifest @img/sharp-darwin-arm64@0.35.3
803 silly packumentCache full:https://registry.npmjs.org/@img%2fsharp-darwin-arm64 cache-miss
804 http cache https://registry.npmjs.org/semver 6ms (cache hit)
805 silly packumentCache full:https://registry.npmjs.org/semver set size:246069 disposed:false
806 silly fetch manifest @img/sharp-darwin-x64@0.35.3
807 silly packumentCache full:https://registry.npmjs.org/@img%2fsharp-darwin-x64 cache-miss
808 http fetch GET 200 https://registry.npmjs.org/@img%2fcolour 89ms (cache miss)
809 silly packumentCache full:https://registry.npmjs.org/@img%2fcolour set size:undefined disposed:false
810 silly fetch manifest @img/sharp-freebsd-wasm32@0.35.3
811 silly packumentCache full:https://registry.npmjs.org/@img%2fsharp-freebsd-wasm32 cache-miss
812 http fetch GET 200 https://registry.npmjs.org/detect-libc 90ms (cache miss)
813 silly packumentCache full:https://registry.npmjs.org/detect-libc set size:undefined disposed:false
814 silly fetch manifest @img/sharp-libvips-darwin-arm64@1.3.2
815 silly packumentCache full:https://registry.npmjs.org/@img%2fsharp-libvips-darwin-arm64 cache-miss
816 http fetch GET 200 https://registry.npmjs.org/tslib 91ms (cache miss)
817 silly packumentCache full:https://registry.npmjs.org/tslib set size:undefined disposed:false
818 silly fetch manifest @img/sharp-libvips-darwin-x64@1.3.2
819 silly packumentCache full:https://registry.npmjs.org/@img%2fsharp-libvips-darwin-x64 cache-miss
820 http fetch GET 200 https://registry.npmjs.org/@img%2fsharp-darwin-x64 87ms (cache miss)
821 silly packumentCache full:https://registry.npmjs.org/@img%2fsharp-darwin-x64 set size:undefined disposed:false
822 silly fetch manifest @img/sharp-libvips-linux-arm@1.3.2
823 silly packumentCache full:https://registry.npmjs.org/@img%2fsharp-libvips-linux-arm cache-miss
824 http fetch GET 200 https://registry.npmjs.org/nanoid 114ms (cache miss)
825 silly packumentCache full:https://registry.npmjs.org/nanoid set size:undefined disposed:false
826 silly fetch manifest @img/sharp-libvips-linux-arm64@1.3.2
827 silly packumentCache full:https://registry.npmjs.org/@img%2fsharp-libvips-linux-arm64 cache-miss
828 http fetch GET 200 https://registry.npmjs.org/source-map-js 120ms (cache miss)
829 silly packumentCache full:https://registry.npmjs.org/source-map-js set size:undefined disposed:false
830 silly fetch manifest @img/sharp-libvips-linux-ppc64@1.3.2
831 silly packumentCache full:https://registry.npmjs.org/@img%2fsharp-libvips-linux-ppc64 cache-miss
832 http fetch GET 200 https://registry.npmjs.org/@img%2fsharp-freebsd-wasm32 82ms (cache miss)
833 silly packumentCache full:https://registry.npmjs.org/@img%2fsharp-freebsd-wasm32 set size:undefined disposed:false
834 silly fetch manifest @img/sharp-libvips-linux-riscv64@1.3.2
835 silly packumentCache full:https://registry.npmjs.org/@img%2fsharp-libvips-linux-riscv64 cache-miss
836 http fetch GET 200 https://registry.npmjs.org/@img%2fsharp-libvips-darwin-x64 82ms (cache miss)
837 silly packumentCache full:https://registry.npmjs.org/@img%2fsharp-libvips-darwin-x64 set size:undefined disposed:false
838 silly fetch manifest @img/sharp-libvips-linux-s390x@1.3.2
839 silly packumentCache full:https://registry.npmjs.org/@img%2fsharp-libvips-linux-s390x cache-miss
840 http fetch GET 200 https://registry.npmjs.org/@img%2fsharp-libvips-linux-arm 80ms (cache miss)
841 silly packumentCache full:https://registry.npmjs.org/@img%2fsharp-libvips-linux-arm set size:undefined disposed:false
842 silly fetch manifest @img/sharp-libvips-linux-x64@1.3.2
843 silly packumentCache full:https://registry.npmjs.org/@img%2fsharp-libvips-linux-x64 cache-miss
844 http fetch GET 200 https://registry.npmjs.org/@img%2fsharp-libvips-darwin-arm64 93ms (cache miss)
845 silly packumentCache full:https://registry.npmjs.org/@img%2fsharp-libvips-darwin-arm64 set size:undefined disposed:false
846 silly fetch manifest @img/sharp-libvips-linuxmusl-arm64@1.3.2
847 silly packumentCache full:https://registry.npmjs.org/@img%2fsharp-libvips-linuxmusl-arm64 cache-miss
848 http fetch GET 200 https://registry.npmjs.org/@img%2fsharp-libvips-linux-arm64 77ms (cache miss)
849 silly packumentCache full:https://registry.npmjs.org/@img%2fsharp-libvips-linux-arm64 set size:undefined disposed:false
850 silly fetch manifest @img/sharp-libvips-linuxmusl-x64@1.3.2
851 silly packumentCache full:https://registry.npmjs.org/@img%2fsharp-libvips-linuxmusl-x64 cache-miss
852 http fetch GET 200 https://registry.npmjs.org/@img%2fsharp-libvips-linux-ppc64 125ms (cache miss)
853 silly packumentCache full:https://registry.npmjs.org/@img%2fsharp-libvips-linux-ppc64 set size:undefined disposed:false
854 silly fetch manifest @img/sharp-linux-arm@0.35.3
855 silly packumentCache full:https://registry.npmjs.org/@img%2fsharp-linux-arm cache-miss
856 http fetch GET 200 https://registry.npmjs.org/@img%2fsharp-libvips-linux-riscv64 76ms (cache miss)
857 silly packumentCache full:https://registry.npmjs.org/@img%2fsharp-libvips-linux-riscv64 set size:undefined disposed:false
858 silly fetch manifest @img/sharp-linux-arm64@0.35.3
859 silly packumentCache full:https://registry.npmjs.org/@img%2fsharp-linux-arm64 cache-miss
860 http fetch GET 200 https://registry.npmjs.org/@img%2fsharp-libvips-linux-s390x 93ms (cache miss)
861 silly packumentCache full:https://registry.npmjs.org/@img%2fsharp-libvips-linux-s390x set size:undefined disposed:false
862 silly fetch manifest @img/sharp-linux-ppc64@0.35.3
863 silly packumentCache full:https://registry.npmjs.org/@img%2fsharp-linux-ppc64 cache-miss
864 http fetch GET 200 https://registry.npmjs.org/@img%2fsharp-libvips-linux-x64 98ms (cache miss)
865 silly packumentCache full:https://registry.npmjs.org/@img%2fsharp-libvips-linux-x64 set size:undefined disposed:false
866 silly fetch manifest @img/sharp-linux-riscv64@0.35.3
867 silly packumentCache full:https://registry.npmjs.org/@img%2fsharp-linux-riscv64 cache-miss
868 http fetch GET 200 https://registry.npmjs.org/@img%2fsharp-libvips-linuxmusl-x64 88ms (cache miss)
869 silly packumentCache full:https://registry.npmjs.org/@img%2fsharp-libvips-linuxmusl-x64 set size:undefined disposed:false
870 silly fetch manifest @img/sharp-linux-s390x@0.35.3
871 silly packumentCache full:https://registry.npmjs.org/@img%2fsharp-linux-s390x cache-miss
872 http fetch GET 200 https://registry.npmjs.org/@img%2fsharp-libvips-linuxmusl-arm64 100ms (cache miss)
873 silly packumentCache full:https://registry.npmjs.org/@img%2fsharp-libvips-linuxmusl-arm64 set size:undefined disposed:false
874 silly fetch manifest @img/sharp-linux-x64@0.35.3
875 silly packumentCache full:https://registry.npmjs.org/@img%2fsharp-linux-x64 cache-miss
876 http fetch GET 200 https://registry.npmjs.org/@img%2fsharp-darwin-arm64 331ms (cache miss)
877 silly packumentCache full:https://registry.npmjs.org/@img%2fsharp-darwin-arm64 set size:undefined disposed:false
878 silly fetch manifest @img/sharp-linuxmusl-arm64@0.35.3
879 silly packumentCache full:https://registry.npmjs.org/@img%2fsharp-linuxmusl-arm64 cache-miss
880 http fetch GET 200 https://registry.npmjs.org/@img%2fsharp-linux-ppc64 80ms (cache miss)
881 silly packumentCache full:https://registry.npmjs.org/@img%2fsharp-linux-ppc64 set size:undefined disposed:false
882 silly fetch manifest @img/sharp-linuxmusl-x64@0.35.3
883 silly packumentCache full:https://registry.npmjs.org/@img%2fsharp-linuxmusl-x64 cache-miss
884 http fetch GET 200 https://registry.npmjs.org/@img%2fsharp-linux-riscv64 79ms (cache miss)
885 silly packumentCache full:https://registry.npmjs.org/@img%2fsharp-linux-riscv64 set size:undefined disposed:false
886 silly fetch manifest @img/sharp-webcontainers-wasm32@0.35.3
887 silly packumentCache full:https://registry.npmjs.org/@img%2fsharp-webcontainers-wasm32 cache-miss
888 http fetch GET 200 https://registry.npmjs.org/@img%2fsharp-linux-x64 85ms (cache miss)
889 silly packumentCache full:https://registry.npmjs.org/@img%2fsharp-linux-x64 set size:undefined disposed:false
890 silly fetch manifest @img/sharp-win32-arm64@0.35.3
891 silly packumentCache full:https://registry.npmjs.org/@img%2fsharp-win32-arm64 cache-miss
892 http fetch GET 200 https://registry.npmjs.org/@img%2fsharp-linuxmusl-arm64 79ms (cache miss)
893 silly packumentCache full:https://registry.npmjs.org/@img%2fsharp-linuxmusl-arm64 set size:undefined disposed:false
894 silly fetch manifest @img/sharp-win32-ia32@0.35.3
895 silly packumentCache full:https://registry.npmjs.org/@img%2fsharp-win32-ia32 cache-miss
896 http fetch GET 200 https://registry.npmjs.org/@img%2fsharp-linuxmusl-x64 79ms (cache miss)
897 silly packumentCache full:https://registry.npmjs.org/@img%2fsharp-linuxmusl-x64 set size:undefined disposed:false
898 silly fetch manifest @img/sharp-win32-x64@0.35.3
899 silly packumentCache full:https://registry.npmjs.org/@img%2fsharp-win32-x64 cache-miss
900 http fetch GET 200 https://registry.npmjs.org/@img%2fsharp-webcontainers-wasm32 79ms (cache miss)
901 silly packumentCache full:https://registry.npmjs.org/@img%2fsharp-webcontainers-wasm32 set size:undefined disposed:false
902 http fetch GET 200 https://registry.npmjs.org/@img%2fsharp-linux-s390x 152ms (cache miss)
903 silly packumentCache full:https://registry.npmjs.org/@img%2fsharp-linux-s390x set size:undefined disposed:false
904 http fetch GET 200 https://registry.npmjs.org/@img%2fsharp-win32-arm64 72ms (cache miss)
905 silly packumentCache full:https://registry.npmjs.org/@img%2fsharp-win32-arm64 set size:undefined disposed:false
906 http fetch GET 200 https://registry.npmjs.org/@img%2fsharp-linux-arm 205ms (cache miss)
907 silly packumentCache full:https://registry.npmjs.org/@img%2fsharp-linux-arm set size:undefined disposed:false
908 http fetch GET 200 https://registry.npmjs.org/@img%2fsharp-win32-x64 66ms (cache miss)
909 silly packumentCache full:https://registry.npmjs.org/@img%2fsharp-win32-x64 set size:undefined disposed:false
910 http fetch GET 200 https://registry.npmjs.org/@img%2fsharp-linux-arm64 305ms (cache miss)
911 silly packumentCache full:https://registry.npmjs.org/@img%2fsharp-linux-arm64 set size:undefined disposed:false
912 http fetch GET 200 https://registry.npmjs.org/@img%2fsharp-win32-ia32 334ms (cache miss)
913 silly packumentCache full:https://registry.npmjs.org/@img%2fsharp-win32-ia32 set size:undefined disposed:false
914 silly placeDep ROOT tslib@2.8.1 REPLACE for: @swc/helpers@0.5.23 want: ^2.8.0
915 silly placeDep ROOT nanoid@3.3.18 OK for: postcss@8.5.23 want: ^3.3.16
916 silly placeDep ROOT source-map-js@1.2.1 OK for: postcss@8.5.23 want: ^1.2.1
917 silly placeDep ROOT @img/colour@1.1.0 OK for: sharp@0.35.3 want: ^1.1.0
918 silly placeDep ROOT @img/sharp-darwin-arm64@0.35.3 OK for: sharp@0.35.3 want: 0.35.3
919 silly placeDep ROOT @img/sharp-darwin-x64@0.35.3 OK for: sharp@0.35.3 want: 0.35.3
920 silly placeDep ROOT @img/sharp-freebsd-wasm32@0.35.3 OK for: sharp@0.35.3 want: 0.35.3
921 silly placeDep ROOT @img/sharp-libvips-darwin-arm64@1.3.2 OK for: sharp@0.35.3 want: 1.3.2
922 silly placeDep ROOT @img/sharp-libvips-darwin-x64@1.3.2 OK for: sharp@0.35.3 want: 1.3.2
923 silly placeDep ROOT @img/sharp-libvips-linux-arm@1.3.2 OK for: sharp@0.35.3 want: 1.3.2
924 silly placeDep ROOT @img/sharp-libvips-linux-arm64@1.3.2 OK for: sharp@0.35.3 want: 1.3.2
925 silly placeDep ROOT @img/sharp-libvips-linux-ppc64@1.3.2 OK for: sharp@0.35.3 want: 1.3.2
926 silly placeDep ROOT @img/sharp-libvips-linux-riscv64@1.3.2 OK for: sharp@0.35.3 want: 1.3.2
927 silly placeDep ROOT @img/sharp-libvips-linux-s390x@1.3.2 OK for: sharp@0.35.3 want: 1.3.2
928 silly placeDep ROOT @img/sharp-libvips-linux-x64@1.3.2 OK for: sharp@0.35.3 want: 1.3.2
929 silly placeDep ROOT @img/sharp-libvips-linuxmusl-arm64@1.3.2 OK for: sharp@0.35.3 want: 1.3.2
930 silly placeDep ROOT @img/sharp-libvips-linuxmusl-x64@1.3.2 OK for: sharp@0.35.3 want: 1.3.2
931 silly placeDep ROOT @img/sharp-linux-arm@0.35.3 OK for: sharp@0.35.3 want: 0.35.3
932 silly placeDep ROOT @img/sharp-linux-arm64@0.35.3 OK for: sharp@0.35.3 want: 0.35.3
933 silly placeDep ROOT @img/sharp-linux-ppc64@0.35.3 OK for: sharp@0.35.3 want: 0.35.3
934 silly placeDep ROOT @img/sharp-linux-riscv64@0.35.3 OK for: sharp@0.35.3 want: 0.35.3
935 silly placeDep ROOT @img/sharp-linux-s390x@0.35.3 OK for: sharp@0.35.3 want: 0.35.3
936 silly placeDep ROOT @img/sharp-linux-x64@0.35.3 OK for: sharp@0.35.3 want: 0.35.3
937 silly placeDep ROOT @img/sharp-linuxmusl-arm64@0.35.3 OK for: sharp@0.35.3 want: 0.35.3
938 silly placeDep ROOT @img/sharp-linuxmusl-x64@0.35.3 OK for: sharp@0.35.3 want: 0.35.3
939 silly placeDep ROOT @img/sharp-webcontainers-wasm32@0.35.3 OK for: sharp@0.35.3 want: 0.35.3
940 silly placeDep ROOT @img/sharp-win32-arm64@0.35.3 OK for: sharp@0.35.3 want: 0.35.3
941 silly placeDep ROOT @img/sharp-win32-ia32@0.35.3 OK for: sharp@0.35.3 want: 0.35.3
942 silly placeDep ROOT @img/sharp-win32-x64@0.35.3 OK for: sharp@0.35.3 want: 0.35.3
943 silly placeDep ROOT detect-libc@2.1.2 OK for: sharp@0.35.3 want: ^2.1.2
944 silly placeDep node_modules/sharp semver@7.8.5 OK for: sharp@0.35.3 want: ^7.8.5
945 silly fetch manifest @img/sharp-wasm32@0.35.3
946 silly packumentCache full:https://registry.npmjs.org/@img%2fsharp-wasm32 cache-miss
947 silly fetch manifest @img/sharp-wasm32@0.35.3
948 silly packumentCache full:https://registry.npmjs.org/@img%2fsharp-wasm32 cache-miss
949 http fetch GET 200 https://registry.npmjs.org/@img%2fsharp-wasm32 321ms (cache miss)
950 silly packumentCache full:https://registry.npmjs.org/@img%2fsharp-wasm32 set size:undefined disposed:false
951 http fetch GET 200 https://registry.npmjs.org/@img%2fsharp-wasm32 326ms (cache miss)
952 silly packumentCache full:https://registry.npmjs.org/@img%2fsharp-wasm32 set size:undefined disposed:false
953 silly placeDep ROOT @img/sharp-wasm32@0.35.3 OK for: @img/sharp-freebsd-wasm32@0.35.3 want: 0.35.3
954 silly fetch manifest @emnapi/runtime@^1.11.1
955 silly packumentCache full:https://registry.npmjs.org/@emnapi%2fruntime cache-miss
956 http fetch GET 200 https://registry.npmjs.org/@emnapi%2fruntime 87ms (cache miss)
957 silly packumentCache full:https://registry.npmjs.org/@emnapi%2fruntime set size:undefined disposed:false
958 silly placeDep ROOT @emnapi/runtime@1.11.3 OK for: @img/sharp-wasm32@0.35.3 want: ^1.11.1
959 silly fetch manifest eslint@^8.57.0 || ^9.0.0 || ^10.0.0
960 silly packumentCache full:https://registry.npmjs.org/eslint cache-miss
961 http cache https://registry.npmjs.org/eslint 7ms (cache hit)
962 silly packumentCache full:https://registry.npmjs.org/eslint set size:2048190 disposed:false
963 silly placeDep ROOT @typescript-eslint/eslint-plugin@8.67.0 OK for: typescript-eslint@8.67.0 want: 8.67.0
964 silly placeDep ROOT @typescript-eslint/parser@8.67.0 OK for: @typescript-eslint/eslint-plugin@8.67.0 want: ^8.67.0
965 silly placeDep ROOT @typescript-eslint/typescript-estree@8.67.0 REPLACE for: typescript-eslint@8.67.0 want: 8.67.0
966 silly placeDep ROOT @typescript-eslint/utils@8.67.0 OK for: typescript-eslint@8.67.0 want: 8.67.0
967 silly fetch manifest ignore@^7.0.5
968 silly packumentCache full:https://registry.npmjs.org/ignore cache-miss
969 silly fetch manifest ts-api-utils@^2.5.0
970 silly packumentCache full:https://registry.npmjs.org/ts-api-utils cache-miss
971 silly fetch manifest @typescript-eslint/type-utils@8.67.0
972 silly packumentCache full:https://registry.npmjs.org/@typescript-eslint%2ftype-utils cache-miss
973 silly fetch manifest @typescript-eslint/visitor-keys@8.67.0
974 silly packumentCache full:https://registry.npmjs.org/@typescript-eslint%2fvisitor-keys cache-miss
975 silly fetch manifest @typescript-eslint/scope-manager@8.67.0
976 silly packumentCache full:https://registry.npmjs.org/@typescript-eslint%2fscope-manager cache-miss
977 silly fetch manifest debug@^4.4.3
978 silly packumentCache full:https://registry.npmjs.org/debug cache-hit
979 silly fetch manifest @typescript-eslint/types@8.67.0
980 silly packumentCache full:https://registry.npmjs.org/@typescript-eslint%2ftypes cache-miss
981 silly fetch manifest @typescript-eslint/visitor-keys@8.67.0
982 silly packumentCache full:https://registry.npmjs.org/@typescript-eslint%2fvisitor-keys cache-miss
983 http fetch GET 200 https://registry.npmjs.org/ts-api-utils 75ms (cache miss)
984 silly packumentCache full:https://registry.npmjs.org/ts-api-utils set size:undefined disposed:false
985 silly fetch manifest @typescript-eslint/scope-manager@8.67.0
986 silly packumentCache full:https://registry.npmjs.org/@typescript-eslint%2fscope-manager cache-miss
987 http fetch GET 200 https://registry.npmjs.org/ignore 250ms (cache miss)
988 silly packumentCache full:https://registry.npmjs.org/ignore set size:undefined disposed:false
989 silly fetch manifest semver@^7.7.3
990 silly packumentCache full:https://registry.npmjs.org/semver cache-hit
991 silly fetch manifest tinyglobby@^0.2.15
992 silly packumentCache full:https://registry.npmjs.org/tinyglobby cache-miss
993 http cache https://registry.npmjs.org/tinyglobby 10ms (cache hit)
994 silly packumentCache full:https://registry.npmjs.org/tinyglobby set size:54291 disposed:false
995 silly fetch manifest @typescript-eslint/types@8.67.0
996 silly packumentCache full:https://registry.npmjs.org/@typescript-eslint%2ftypes cache-miss
997 http fetch GET 200 https://registry.npmjs.org/@typescript-eslint%2ftype-utils 392ms (cache miss)
998 silly packumentCache full:https://registry.npmjs.org/@typescript-eslint%2ftype-utils set size:undefined disposed:false
999 silly fetch manifest @typescript-eslint/visitor-keys@8.67.0
1000 silly packumentCache full:https://registry.npmjs.org/@typescript-eslint%2fvisitor-keys cache-miss
1001 http fetch GET 200 https://registry.npmjs.org/@typescript-eslint%2fvisitor-keys 2311ms (cache miss)
1002 silly packumentCache full:https://registry.npmjs.org/@typescript-eslint%2fvisitor-keys set size:undefined disposed:false
1003 silly fetch manifest @typescript-eslint/tsconfig-utils@8.67.0
1004 silly packumentCache full:https://registry.npmjs.org/@typescript-eslint%2ftsconfig-utils cache-miss
1005 http fetch GET 200 https://registry.npmjs.org/@typescript-eslint%2ftsconfig-utils 327ms (cache miss)
1006 silly packumentCache full:https://registry.npmjs.org/@typescript-eslint%2ftsconfig-utils set size:undefined disposed:false
1007 silly fetch manifest @typescript-eslint/project-service@8.67.0
1008 silly packumentCache full:https://registry.npmjs.org/@typescript-eslint%2fproject-service cache-miss
1009 http fetch GET 200 https://registry.npmjs.org/@typescript-eslint%2fscope-manager 3269ms (cache miss)
1010 silly packumentCache full:https://registry.npmjs.org/@typescript-eslint%2fscope-manager set size:undefined disposed:false
1011 silly fetch manifest @typescript-eslint/types@8.67.0
1012 silly packumentCache full:https://registry.npmjs.org/@typescript-eslint%2ftypes cache-miss
1013 http fetch GET 200 https://registry.npmjs.org/@typescript-eslint%2fproject-service 705ms (cache miss)
1014 silly packumentCache full:https://registry.npmjs.org/@typescript-eslint%2fproject-service set size:undefined disposed:false
1015 http fetch GET 200 https://registry.npmjs.org/@typescript-eslint%2fscope-manager 3671ms (cache miss)
1016 silly packumentCache full:https://registry.npmjs.org/@typescript-eslint%2fscope-manager set size:undefined disposed:false
1017 http fetch GET 200 https://registry.npmjs.org/@typescript-eslint%2ftypes 3728ms (cache miss)
1018 silly packumentCache full:https://registry.npmjs.org/@typescript-eslint%2ftypes set size:undefined disposed:false
1019 http fetch GET 200 https://registry.npmjs.org/@typescript-eslint%2fvisitor-keys 3361ms (cache miss)
1020 silly packumentCache full:https://registry.npmjs.org/@typescript-eslint%2fvisitor-keys set size:undefined disposed:false
1021 http fetch GET 200 https://registry.npmjs.org/@typescript-eslint%2fvisitor-keys 4111ms (cache miss)
1022 silly packumentCache full:https://registry.npmjs.org/@typescript-eslint%2fvisitor-keys set size:undefined disposed:false
1023 http fetch GET 200 https://registry.npmjs.org/@typescript-eslint%2ftypes 2372ms (cache miss)
1024 silly packumentCache full:https://registry.npmjs.org/@typescript-eslint%2ftypes set size:undefined disposed:false
1025 http fetch GET 200 https://registry.npmjs.org/@typescript-eslint%2ftypes 7442ms (cache miss)
1026 silly packumentCache full:https://registry.npmjs.org/@typescript-eslint%2ftypes set size:undefined disposed:false
1027 silly placeDep ROOT @typescript-eslint/scope-manager@8.67.0 REPLACE for: @typescript-eslint/eslint-plugin@8.67.0 want: 8.67.0
1028 silly placeDep ROOT @typescript-eslint/type-utils@8.67.0 OK for: @typescript-eslint/eslint-plugin@8.67.0 want: 8.67.0
1029 silly placeDep ROOT @typescript-eslint/visitor-keys@8.67.0 OK for: @typescript-eslint/eslint-plugin@8.67.0 want: 8.67.0
1030 silly placeDep node_modules/@typescript-eslint/eslint-plugin ignore@7.0.6 OK for: @typescript-eslint/eslint-plugin@8.67.0 want: ^7.0.5
1031 silly placeDep ROOT ts-api-utils@2.5.0 OK for: @typescript-eslint/eslint-plugin@8.67.0 want: ^2.5.0
1032 silly fetch manifest eslint-visitor-keys@^5.0.0
1033 silly packumentCache full:https://registry.npmjs.org/eslint-visitor-keys cache-miss
1034 http cache https://registry.npmjs.org/eslint-visitor-keys 8ms (cache hit)
1035 silly packumentCache full:https://registry.npmjs.org/eslint-visitor-keys set size:69949 disposed:false
1036 silly placeDep ROOT @typescript-eslint/types@8.67.0 OK for: @typescript-eslint/parser@8.67.0 want: 8.67.0
1037 silly placeDep node_modules/@typescript-eslint/parser debug@4.4.3 OK for: @typescript-eslint/parser@8.67.0 want: ^4.4.3
1038 silly placeDep node_modules/@typescript-eslint/type-utils debug@4.4.3 OK for: @typescript-eslint/type-utils@8.67.0 want: ^4.4.3
1039 silly placeDep ROOT @typescript-eslint/project-service@8.67.0 OK for: @typescript-eslint/typescript-estree@8.67.0 want: 8.67.0
1040 silly placeDep ROOT @typescript-eslint/tsconfig-utils@8.67.0 OK for: @typescript-eslint/typescript-estree@8.67.0 want: 8.67.0
1041 silly placeDep node_modules/@typescript-eslint/typescript-estree debug@4.4.3 OK for: @typescript-eslint/typescript-estree@8.67.0 want: ^4.4.3
1042 silly placeDep ROOT semver@7.8.5 OK for: @typescript-eslint/typescript-estree@8.67.0 want: ^7.7.3
1043 silly placeDep ROOT tinyglobby@0.2.17 OK for: @typescript-eslint/typescript-estree@8.67.0 want: ^0.2.15
1044 silly fetch manifest @typescript-eslint/tsconfig-utils@^8.67.0
1045 silly packumentCache full:https://registry.npmjs.org/@typescript-eslint%2ftsconfig-utils cache-miss
1046 silly fetch manifest fdir@^6.5.0
1047 silly packumentCache full:https://registry.npmjs.org/fdir cache-miss
1048 silly fetch manifest picomatch@^4.0.4
1049 silly packumentCache full:https://registry.npmjs.org/picomatch cache-miss
1050 http cache https://registry.npmjs.org/@typescript-eslint%2ftsconfig-utils 3ms (cache hit)
1051 silly packumentCache full:https://registry.npmjs.org/@typescript-eslint%2ftsconfig-utils set size:1738670 disposed:false
1052 http fetch GET 200 https://registry.npmjs.org/fdir 94ms (cache miss)
1053 silly packumentCache full:https://registry.npmjs.org/fdir set size:undefined disposed:false
1054 http fetch GET 200 https://registry.npmjs.org/picomatch 103ms (cache miss)
1055 silly packumentCache full:https://registry.npmjs.org/picomatch set size:undefined disposed:false
1056 silly placeDep node_modules/@typescript-eslint/project-service debug@4.4.3 OK for: @typescript-eslint/project-service@8.67.0 want: ^4.4.3
1057 silly placeDep node_modules/@typescript-eslint/visitor-keys eslint-visitor-keys@5.0.1 OK for: @typescript-eslint/visitor-keys@8.67.0 want: ^5.0.0
1058 silly placeDep node_modules/tinyglobby fdir@6.5.0 OK for: tinyglobby@0.2.17 want: ^6.5.0
1059 silly placeDep node_modules/tinyglobby picomatch@4.0.5 OK for: fdir@6.5.0 want: ^3 || ^4
1060 silly placeDep ROOT escalade@3.2.0 OK for: update-browserslist-db@1.3.1 want: ^3.2.0
1061 silly placeDep ROOT punycode@2.3.1 OK for: uri-js@4.4.1 want: ^2.1.0
1062 silly placeDep ROOT yallist@3.1.1 OK for: lru-cache@5.1.1 want: ^3.0.2
1063 silly placeDep node_modules/@next/eslint-plugin-next glob-parent@5.1.2 OK for: fast-glob@3.3.1 want: ^5.1.2
1064 silly placeDep ROOT @nolyfill/is-core-module@1.0.39 OK for: eslint-import-resolver-typescript@3.10.1 want: 1.0.39
1065 silly placeDep node_modules/eslint-config-next debug@4.4.3 OK for: eslint-import-resolver-typescript@3.10.1 want: ^4.4.0
1066 silly placeDep ROOT get-tsconfig@4.14.3 OK for: eslint-import-resolver-typescript@3.10.1 want: ^4.10.0
1067 silly placeDep ROOT is-bun-module@2.0.0 OK for: eslint-import-resolver-typescript@3.10.1 want: ^2.0.0
1068 silly placeDep ROOT stable-hash@0.0.5 OK for: eslint-import-resolver-typescript@3.10.1 want: ^0.0.5
1069 silly placeDep ROOT unrs-resolver@1.12.2 OK for: eslint-import-resolver-typescript@3.10.1 want: ^1.6.2
1070 silly fetch manifest resolve-pkg-maps@^1.0.0
1071 silly packumentCache full:https://registry.npmjs.org/resolve-pkg-maps cache-miss
1072 silly fetch manifest napi-postinstall@^0.3.4
1073 silly packumentCache full:https://registry.npmjs.org/napi-postinstall cache-miss
1074 silly fetch manifest @unrs/resolver-binding-darwin-arm64@1.12.2
1075 silly packumentCache full:https://registry.npmjs.org/@unrs%2fresolver-binding-darwin-arm64 cache-miss
1076 silly fetch manifest @unrs/resolver-binding-android-arm64@1.12.2
1077 silly packumentCache full:https://registry.npmjs.org/@unrs%2fresolver-binding-android-arm64 cache-miss
1078 silly fetch manifest @unrs/resolver-binding-win32-arm64-msvc@1.12.2
1079 silly packumentCache full:https://registry.npmjs.org/@unrs%2fresolver-binding-win32-arm64-msvc cache-miss
1080 silly fetch manifest @unrs/resolver-binding-linux-arm64-gnu@1.12.2
1081 silly packumentCache full:https://registry.npmjs.org/@unrs%2fresolver-binding-linux-arm64-gnu cache-miss
1082 silly fetch manifest @unrs/resolver-binding-linux-arm64-musl@1.12.2
1083 silly packumentCache full:https://registry.npmjs.org/@unrs%2fresolver-binding-linux-arm64-musl cache-miss
1084 http fetch GET 200 https://registry.npmjs.org/@unrs%2fresolver-binding-android-arm64 70ms (cache miss)
1085 silly packumentCache full:https://registry.npmjs.org/@unrs%2fresolver-binding-android-arm64 set size:undefined disposed:false
1086 silly fetch manifest @unrs/resolver-binding-openharmony-arm64@1.12.2
1087 silly packumentCache full:https://registry.npmjs.org/@unrs%2fresolver-binding-openharmony-arm64 cache-miss
1088 http fetch GET 200 https://registry.npmjs.org/napi-postinstall 71ms (cache miss)
1089 silly packumentCache full:https://registry.npmjs.org/napi-postinstall set size:undefined disposed:false
1090 silly fetch manifest @unrs/resolver-binding-android-arm-eabi@1.12.2
1091 silly packumentCache full:https://registry.npmjs.org/@unrs%2fresolver-binding-android-arm-eabi cache-miss
1092 http fetch GET 200 https://registry.npmjs.org/resolve-pkg-maps 74ms (cache miss)
1093 silly packumentCache full:https://registry.npmjs.org/resolve-pkg-maps set size:undefined disposed:false
1094 silly fetch manifest @unrs/resolver-binding-linux-arm-gnueabihf@1.12.2
1095 silly packumentCache full:https://registry.npmjs.org/@unrs%2fresolver-binding-linux-arm-gnueabihf cache-miss
1096 http fetch GET 200 https://registry.npmjs.org/@unrs%2fresolver-binding-linux-arm64-musl 84ms (cache miss)
1097 silly packumentCache full:https://registry.npmjs.org/@unrs%2fresolver-binding-linux-arm64-musl set size:undefined disposed:false
1098 silly fetch manifest @unrs/resolver-binding-linux-arm-musleabihf@1.12.2
1099 silly packumentCache full:https://registry.npmjs.org/@unrs%2fresolver-binding-linux-arm-musleabihf cache-miss
1100 http fetch GET 200 https://registry.npmjs.org/@unrs%2fresolver-binding-darwin-arm64 91ms (cache miss)
1101 silly packumentCache full:https://registry.npmjs.org/@unrs%2fresolver-binding-darwin-arm64 set size:undefined disposed:false
1102 silly fetch manifest @unrs/resolver-binding-win32-ia32-msvc@1.12.2
1103 silly packumentCache full:https://registry.npmjs.org/@unrs%2fresolver-binding-win32-ia32-msvc cache-miss
1104 http fetch GET 200 https://registry.npmjs.org/@unrs%2fresolver-binding-openharmony-arm64 70ms (cache miss)
1105 silly packumentCache full:https://registry.npmjs.org/@unrs%2fresolver-binding-openharmony-arm64 set size:undefined disposed:false
1106 silly fetch manifest @unrs/resolver-binding-linux-loong64-gnu@1.12.2
1107 silly packumentCache full:https://registry.npmjs.org/@unrs%2fresolver-binding-linux-loong64-gnu cache-miss
1108 http fetch GET 200 https://registry.npmjs.org/@unrs%2fresolver-binding-android-arm-eabi 75ms (cache miss)
1109 silly packumentCache full:https://registry.npmjs.org/@unrs%2fresolver-binding-android-arm-eabi set size:undefined disposed:false
1110 silly fetch manifest @unrs/resolver-binding-linux-loong64-musl@1.12.2
1111 silly packumentCache full:https://registry.npmjs.org/@unrs%2fresolver-binding-linux-loong64-musl cache-miss
1112 http fetch GET 200 https://registry.npmjs.org/@unrs%2fresolver-binding-linux-arm-gnueabihf 87ms (cache miss)
1113 silly packumentCache full:https://registry.npmjs.org/@unrs%2fresolver-binding-linux-arm-gnueabihf set size:undefined disposed:false
1114 silly fetch manifest @unrs/resolver-binding-linux-ppc64-gnu@1.12.2
1115 silly packumentCache full:https://registry.npmjs.org/@unrs%2fresolver-binding-linux-ppc64-gnu cache-miss
1116 http fetch GET 200 https://registry.npmjs.org/@unrs%2fresolver-binding-linux-arm-musleabihf 85ms (cache miss)
1117 silly packumentCache full:https://registry.npmjs.org/@unrs%2fresolver-binding-linux-arm-musleabihf set size:undefined disposed:false
1118 silly fetch manifest @unrs/resolver-binding-linux-riscv64-gnu@1.12.2
1119 silly packumentCache full:https://registry.npmjs.org/@unrs%2fresolver-binding-linux-riscv64-gnu cache-miss
1120 http fetch GET 200 https://registry.npmjs.org/@unrs%2fresolver-binding-win32-ia32-msvc 86ms (cache miss)
1121 silly packumentCache full:https://registry.npmjs.org/@unrs%2fresolver-binding-win32-ia32-msvc set size:undefined disposed:false
1122 silly fetch manifest @unrs/resolver-binding-linux-riscv64-musl@1.12.2
1123 silly packumentCache full:https://registry.npmjs.org/@unrs%2fresolver-binding-linux-riscv64-musl cache-miss
1124 http fetch GET 200 https://registry.npmjs.org/@unrs%2fresolver-binding-linux-loong64-gnu 79ms (cache miss)
1125 silly packumentCache full:https://registry.npmjs.org/@unrs%2fresolver-binding-linux-loong64-gnu set size:undefined disposed:false
1126 silly fetch manifest @unrs/resolver-binding-linux-s390x-gnu@1.12.2
1127 silly packumentCache full:https://registry.npmjs.org/@unrs%2fresolver-binding-linux-s390x-gnu cache-miss
1128 http fetch GET 200 https://registry.npmjs.org/@unrs%2fresolver-binding-linux-riscv64-musl 77ms (cache miss)
1129 silly packumentCache full:https://registry.npmjs.org/@unrs%2fresolver-binding-linux-riscv64-musl set size:undefined disposed:false
1130 silly fetch manifest @unrs/resolver-binding-wasm32-wasi@1.12.2
1131 silly packumentCache full:https://registry.npmjs.org/@unrs%2fresolver-binding-wasm32-wasi cache-miss
1132 http fetch GET 200 https://registry.npmjs.org/@unrs%2fresolver-binding-linux-ppc64-gnu 94ms (cache miss)
1133 silly packumentCache full:https://registry.npmjs.org/@unrs%2fresolver-binding-linux-ppc64-gnu set size:undefined disposed:false
1134 silly fetch manifest @unrs/resolver-binding-darwin-x64@1.12.2
1135 silly packumentCache full:https://registry.npmjs.org/@unrs%2fresolver-binding-darwin-x64 cache-miss
1136 http fetch GET 200 https://registry.npmjs.org/@unrs%2fresolver-binding-linux-s390x-gnu 75ms (cache miss)
1137 silly packumentCache full:https://registry.npmjs.org/@unrs%2fresolver-binding-linux-s390x-gnu set size:undefined disposed:false
1138 silly fetch manifest @unrs/resolver-binding-win32-x64-msvc@1.12.2
1139 silly packumentCache full:https://registry.npmjs.org/@unrs%2fresolver-binding-win32-x64-msvc cache-miss
1140 http fetch GET 200 https://registry.npmjs.org/@unrs%2fresolver-binding-linux-arm64-gnu 325ms (cache miss)
1141 silly packumentCache full:https://registry.npmjs.org/@unrs%2fresolver-binding-linux-arm64-gnu set size:undefined disposed:false
1142 silly fetch manifest @unrs/resolver-binding-freebsd-x64@1.12.2
1143 silly packumentCache full:https://registry.npmjs.org/@unrs%2fresolver-binding-freebsd-x64 cache-miss
1144 http fetch GET 200 https://registry.npmjs.org/@unrs%2fresolver-binding-win32-arm64-msvc 364ms (cache miss)
1145 silly packumentCache full:https://registry.npmjs.org/@unrs%2fresolver-binding-win32-arm64-msvc set size:undefined disposed:false
1146 silly fetch manifest @unrs/resolver-binding-linux-x64-gnu@1.12.2
1147 silly packumentCache full:https://registry.npmjs.org/@unrs%2fresolver-binding-linux-x64-gnu cache-miss
1148 http fetch GET 200 https://registry.npmjs.org/@unrs%2fresolver-binding-freebsd-x64 84ms (cache miss)
1149 silly packumentCache full:https://registry.npmjs.org/@unrs%2fresolver-binding-freebsd-x64 set size:undefined disposed:false
1150 silly fetch manifest @unrs/resolver-binding-linux-x64-musl@1.12.2
1151 silly packumentCache full:https://registry.npmjs.org/@unrs%2fresolver-binding-linux-x64-musl cache-miss
1152 http fetch GET 200 https://registry.npmjs.org/@unrs%2fresolver-binding-linux-loong64-musl 323ms (cache miss)
1153 silly packumentCache full:https://registry.npmjs.org/@unrs%2fresolver-binding-linux-loong64-musl set size:undefined disposed:false
1154 http fetch GET 200 https://registry.npmjs.org/@unrs%2fresolver-binding-linux-x64-gnu 107ms (cache miss)
1155 silly packumentCache full:https://registry.npmjs.org/@unrs%2fresolver-binding-linux-x64-gnu set size:undefined disposed:false
1156 http fetch GET 200 https://registry.npmjs.org/@unrs%2fresolver-binding-linux-riscv64-gnu 340ms (cache miss)
1157 silly packumentCache full:https://registry.npmjs.org/@unrs%2fresolver-binding-linux-riscv64-gnu set size:undefined disposed:false
1158 http fetch GET 200 https://registry.npmjs.org/@unrs%2fresolver-binding-darwin-x64 356ms (cache miss)
1159 silly packumentCache full:https://registry.npmjs.org/@unrs%2fresolver-binding-darwin-x64 set size:undefined disposed:false
1160 http fetch GET 200 https://registry.npmjs.org/@unrs%2fresolver-binding-win32-x64-msvc 317ms (cache miss)
1161 silly packumentCache full:https://registry.npmjs.org/@unrs%2fresolver-binding-win32-x64-msvc set size:undefined disposed:false
1162 http fetch GET 200 https://registry.npmjs.org/@unrs%2fresolver-binding-linux-x64-musl 333ms (cache miss)
1163 silly packumentCache full:https://registry.npmjs.org/@unrs%2fresolver-binding-linux-x64-musl set size:undefined disposed:false
1164 http fetch GET 200 https://registry.npmjs.org/@unrs%2fresolver-binding-wasm32-wasi 616ms (cache miss)
1165 silly packumentCache full:https://registry.npmjs.org/@unrs%2fresolver-binding-wasm32-wasi set size:undefined disposed:false
1166 silly placeDep ROOT resolve-pkg-maps@1.0.0 OK for: get-tsconfig@4.14.3 want: ^1.0.0
1167 silly placeDep ROOT @unrs/resolver-binding-android-arm-eabi@1.12.2 OK for: unrs-resolver@1.12.2 want: 1.12.2
1168 silly placeDep ROOT @unrs/resolver-binding-android-arm64@1.12.2 OK for: unrs-resolver@1.12.2 want: 1.12.2
1169 silly placeDep ROOT @unrs/resolver-binding-darwin-arm64@1.12.2 OK for: unrs-resolver@1.12.2 want: 1.12.2
1170 silly placeDep ROOT @unrs/resolver-binding-darwin-x64@1.12.2 OK for: unrs-resolver@1.12.2 want: 1.12.2
1171 silly placeDep ROOT @unrs/resolver-binding-freebsd-x64@1.12.2 OK for: unrs-resolver@1.12.2 want: 1.12.2
1172 silly placeDep ROOT @unrs/resolver-binding-linux-arm-gnueabihf@1.12.2 OK for: unrs-resolver@1.12.2 want: 1.12.2
1173 silly placeDep ROOT @unrs/resolver-binding-linux-arm-musleabihf@1.12.2 OK for: unrs-resolver@1.12.2 want: 1.12.2
1174 silly placeDep ROOT @unrs/resolver-binding-linux-arm64-gnu@1.12.2 OK for: unrs-resolver@1.12.2 want: 1.12.2
1175 silly placeDep ROOT @unrs/resolver-binding-linux-arm64-musl@1.12.2 OK for: unrs-resolver@1.12.2 want: 1.12.2
1176 silly placeDep ROOT @unrs/resolver-binding-linux-loong64-gnu@1.12.2 OK for: unrs-resolver@1.12.2 want: 1.12.2
1177 silly placeDep ROOT @unrs/resolver-binding-linux-loong64-musl@1.12.2 OK for: unrs-resolver@1.12.2 want: 1.12.2
1178 silly placeDep ROOT @unrs/resolver-binding-linux-ppc64-gnu@1.12.2 OK for: unrs-resolver@1.12.2 want: 1.12.2
1179 silly placeDep ROOT @unrs/resolver-binding-linux-riscv64-gnu@1.12.2 OK for: unrs-resolver@1.12.2 want: 1.12.2
1180 silly placeDep ROOT @unrs/resolver-binding-linux-riscv64-musl@1.12.2 OK for: unrs-resolver@1.12.2 want: 1.12.2
1181 silly placeDep ROOT @unrs/resolver-binding-linux-s390x-gnu@1.12.2 OK for: unrs-resolver@1.12.2 want: 1.12.2
1182 silly placeDep ROOT @unrs/resolver-binding-linux-x64-gnu@1.12.2 OK for: unrs-resolver@1.12.2 want: 1.12.2
1183 silly placeDep ROOT @unrs/resolver-binding-linux-x64-musl@1.12.2 OK for: unrs-resolver@1.12.2 want: 1.12.2
1184 silly placeDep ROOT @unrs/resolver-binding-openharmony-arm64@1.12.2 OK for: unrs-resolver@1.12.2 want: 1.12.2
1185 silly placeDep ROOT @unrs/resolver-binding-wasm32-wasi@1.12.2 OK for: unrs-resolver@1.12.2 want: 1.12.2
1186 silly placeDep ROOT @unrs/resolver-binding-win32-arm64-msvc@1.12.2 OK for: unrs-resolver@1.12.2 want: 1.12.2
1187 silly placeDep ROOT @unrs/resolver-binding-win32-ia32-msvc@1.12.2 OK for: unrs-resolver@1.12.2 want: 1.12.2
1188 silly placeDep ROOT @unrs/resolver-binding-win32-x64-msvc@1.12.2 OK for: unrs-resolver@1.12.2 want: 1.12.2
1189 silly placeDep ROOT napi-postinstall@0.3.4 OK for: unrs-resolver@1.12.2 want: ^0.3.4
1190 silly fetch manifest @napi-rs/wasm-runtime@^1.1.4
1191 silly packumentCache full:https://registry.npmjs.org/@napi-rs%2fwasm-runtime cache-miss
1192 silly fetch manifest @emnapi/core@1.10.0
1193 silly packumentCache full:https://registry.npmjs.org/@emnapi%2fcore cache-miss
1194 silly fetch manifest @emnapi/runtime@1.10.0
1195 silly packumentCache full:https://registry.npmjs.org/@emnapi%2fruntime cache-miss
1196 http cache https://registry.npmjs.org/@emnapi%2fruntime 4ms (cache hit)
1197 silly packumentCache full:https://registry.npmjs.org/@emnapi%2fruntime set size:125040 disposed:false
1198 http fetch GET 200 https://registry.npmjs.org/@napi-rs%2fwasm-runtime 78ms (cache miss)
1199 silly packumentCache full:https://registry.npmjs.org/@napi-rs%2fwasm-runtime set size:undefined disposed:false
1200 http fetch GET 200 https://registry.npmjs.org/@emnapi%2fcore 155ms (cache miss)
1201 silly packumentCache full:https://registry.npmjs.org/@emnapi%2fcore set size:undefined disposed:false
1202 silly placeDep ROOT @emnapi/core@1.10.0 OK for: @unrs/resolver-binding-wasm32-wasi@1.12.2 want: 1.10.0
1203 silly placeDep node_modules/@unrs/resolver-binding-wasm32-wasi @emnapi/runtime@1.10.0 OK for: @unrs/resolver-binding-wasm32-wasi@1.12.2 want: 1.10.0
1204 silly placeDep ROOT @napi-rs/wasm-runtime@1.2.3 OK for: @unrs/resolver-binding-wasm32-wasi@1.12.2 want: ^1.1.4
1205 silly fetch manifest @emnapi/wasi-threads@1.2.1
1206 silly packumentCache full:https://registry.npmjs.org/@emnapi%2fwasi-threads cache-miss
1207 silly fetch manifest @tybys/wasm-util@^0.10.3
1208 silly packumentCache full:https://registry.npmjs.org/@tybys%2fwasm-util cache-miss
1209 http fetch GET 200 https://registry.npmjs.org/@emnapi%2fwasi-threads 59ms (cache miss)
1210 silly packumentCache full:https://registry.npmjs.org/@emnapi%2fwasi-threads set size:undefined disposed:false
1211 http fetch GET 200 https://registry.npmjs.org/@tybys%2fwasm-util 77ms (cache miss)
1212 silly packumentCache full:https://registry.npmjs.org/@tybys%2fwasm-util set size:undefined disposed:false
1213 silly placeDep ROOT @emnapi/wasi-threads@1.2.1 OK for: @emnapi/core@1.10.0 want: 1.2.1
1214 silly placeDep ROOT @tybys/wasm-util@0.10.3 OK for: @napi-rs/wasm-runtime@1.2.3 want: ^0.10.3
1215 silly placeDep ROOT @rtsao/scc@1.1.0 OK for: eslint-plugin-import@2.32.0 want: ^1.1.0
1216 silly placeDep ROOT array-includes@3.1.9 REPLACE for: eslint-plugin-import@2.32.0 want: ^3.1.9
1217 silly placeDep ROOT array.prototype.findlastindex@1.2.6 OK for: eslint-plugin-import@2.32.0 want: ^1.2.6
1218 silly placeDep ROOT array.prototype.flat@1.3.3 REPLACE for: eslint-plugin-import@2.32.0 want: ^1.3.3
1219 silly placeDep ROOT array.prototype.flatmap@1.3.3 REPLACE for: eslint-plugin-import@2.32.0 want: ^1.3.3
1220 silly placeDep node_modules/eslint-config-next/node_modules/eslint-plugin-import debug@3.2.7 OK for: eslint-plugin-import@2.32.0 want: ^3.2.7
1221 silly placeDep ROOT doctrine@2.1.0 OK for: eslint-plugin-import@2.32.0 want: ^2.1.0
1222 silly placeDep ROOT eslint-module-utils@2.14.0 REPLACE for: eslint-plugin-import@2.32.0 want: ^2.12.1
1223 silly placeDep ROOT is-core-module@2.16.2 REPLACE for: eslint-plugin-import@2.32.0 want: ^2.16.1
1224 silly placeDep node_modules/eslint-config-next minimatch@3.1.5 OK for: eslint-plugin-import@2.32.0 want: ^3.1.2
1225 silly placeDep ROOT object.groupby@1.0.3 OK for: eslint-plugin-import@2.32.0 want: ^1.0.3
1226 silly placeDep ROOT object.values@1.2.1 REPLACE for: eslint-plugin-import@2.32.0 want: ^1.2.1
1227 silly placeDep node_modules/eslint-config-next semver@6.3.1 OK for: eslint-plugin-import@2.32.0 want: ^6.3.1
1228 silly placeDep ROOT string.prototype.trimend@1.0.10 REPLACE for: eslint-plugin-import@2.32.0 want: ^1.0.9
1229 silly placeDep ROOT tsconfig-paths@3.15.0 OK for: eslint-plugin-import@2.32.0 want: ^3.15.0
1230 silly fetch manifest call-bind@^1.0.8
1231 silly packumentCache full:https://registry.npmjs.org/call-bind cache-miss
1232 silly fetch manifest call-bound@^1.0.4
1233 silly packumentCache full:https://registry.npmjs.org/call-bound cache-miss
1234 silly fetch manifest es-abstract@^1.24.0
1235 silly packumentCache full:https://registry.npmjs.org/es-abstract cache-miss
1236 silly fetch manifest es-object-atoms@^1.1.1
1237 silly packumentCache full:https://registry.npmjs.org/es-object-atoms cache-miss
1238 silly fetch manifest get-intrinsic@^1.3.0
1239 silly packumentCache full:https://registry.npmjs.org/get-intrinsic cache-miss
1240 silly fetch manifest is-string@^1.1.1
1241 silly packumentCache full:https://registry.npmjs.org/is-string cache-miss
1242 silly fetch manifest math-intrinsics@^1.1.0
1243 silly packumentCache full:https://registry.npmjs.org/math-intrinsics cache-miss
1244 http fetch GET 200 https://registry.npmjs.org/es-object-atoms 75ms (cache miss)
1245 silly packumentCache full:https://registry.npmjs.org/es-object-atoms set size:undefined disposed:false
1246 silly fetch manifest call-bind@^1.0.8
1247 silly packumentCache full:https://registry.npmjs.org/call-bind cache-miss
1248 http fetch GET 200 https://registry.npmjs.org/math-intrinsics 128ms (cache miss)
1249 silly packumentCache full:https://registry.npmjs.org/math-intrinsics set size:undefined disposed:false
1250 silly fetch manifest call-bound@^1.0.4
1251 silly packumentCache full:https://registry.npmjs.org/call-bound cache-miss
1252 http fetch GET 200 https://registry.npmjs.org/call-bound 131ms (cache miss)
1253 silly packumentCache full:https://registry.npmjs.org/call-bound set size:undefined disposed:false
1254 silly fetch manifest es-abstract@^1.23.9
1255 silly packumentCache full:https://registry.npmjs.org/es-abstract cache-miss
1256 http fetch GET 200 https://registry.npmjs.org/is-string 131ms (cache miss)
1257 silly packumentCache full:https://registry.npmjs.org/is-string set size:undefined disposed:false
1258 silly fetch manifest es-shim-unscopables@^1.1.0
1259 silly packumentCache full:https://registry.npmjs.org/es-shim-unscopables cache-miss
1260 http fetch GET 200 https://registry.npmjs.org/call-bind 132ms (cache miss)
1261 silly packumentCache full:https://registry.npmjs.org/call-bind set size:undefined disposed:false
1262 silly fetch manifest es-abstract@^1.23.5
1263 silly packumentCache full:https://registry.npmjs.org/es-abstract cache-miss
1264 http fetch GET 200 https://registry.npmjs.org/get-intrinsic 132ms (cache miss)
1265 silly packumentCache full:https://registry.npmjs.org/get-intrinsic set size:undefined disposed:false
1266 silly fetch manifest es-abstract@^1.23.5
1267 silly packumentCache full:https://registry.npmjs.org/es-abstract cache-miss
1268 http fetch GET 200 https://registry.npmjs.org/es-abstract 167ms (cache miss)
1269 silly packumentCache full:https://registry.npmjs.org/es-abstract set size:undefined disposed:false
1270 silly fetch manifest hasown@^2.0.3
1271 silly packumentCache full:https://registry.npmjs.org/hasown cache-miss
1272 http fetch GET 200 https://registry.npmjs.org/call-bind 90ms (cache miss)
1273 silly packumentCache full:https://registry.npmjs.org/call-bind set size:undefined disposed:false
1274 silly fetch manifest brace-expansion@^1.1.7
1275 silly packumentCache full:https://registry.npmjs.org/brace-expansion cache-miss
1276 http fetch GET 200 https://registry.npmjs.org/call-bound 68ms (cache miss)
1277 silly packumentCache full:https://registry.npmjs.org/call-bound set size:undefined disposed:false
1278 silly fetch manifest call-bound@^1.0.3
1279 silly packumentCache full:https://registry.npmjs.org/call-bound cache-miss
1280 http fetch GET 200 https://registry.npmjs.org/es-shim-unscopables 75ms (cache miss)
1281 silly packumentCache full:https://registry.npmjs.org/es-shim-unscopables set size:undefined disposed:false
1282 silly fetch manifest call-bind@^1.0.9
1283 silly packumentCache full:https://registry.npmjs.org/call-bind cache-miss
1284 http cache https://registry.npmjs.org/call-bound 10ms (cache hit)
1285 silly packumentCache full:https://registry.npmjs.org/call-bound set size:15317 disposed:false
1286 silly fetch manifest es-object-atoms@^1.1.2
1287 silly packumentCache full:https://registry.npmjs.org/es-object-atoms cache-miss
1288 http cache https://registry.npmjs.org/call-bind 2ms (cache hit)
1289 silly packumentCache full:https://registry.npmjs.org/call-bind set size:32985 disposed:false
1290 silly fetch manifest json5@^1.0.2
1291 silly packumentCache full:https://registry.npmjs.org/json5 cache-miss
1292 http cache https://registry.npmjs.org/brace-expansion 12ms (cache hit)
1293 silly packumentCache full:https://registry.npmjs.org/brace-expansion set size:101024 disposed:false
1294 silly fetch manifest minimist@^1.2.6
1295 silly packumentCache full:https://registry.npmjs.org/minimist cache-miss
1296 http cache https://registry.npmjs.org/es-object-atoms 2ms (cache hit)
1297 silly packumentCache full:https://registry.npmjs.org/es-object-atoms set size:18278 disposed:false
1298 silly fetch manifest strip-bom@^3.0.0
1299 silly packumentCache full:https://registry.npmjs.org/strip-bom cache-miss
1300 http cache https://registry.npmjs.org/json5 4ms (cache hit)
1301 silly packumentCache full:https://registry.npmjs.org/json5 set size:86136 disposed:false
1302 silly fetch manifest @types/json5@^0.0.29
1303 silly packumentCache full:https://registry.npmjs.org/@types%2fjson5 cache-miss
1304 http fetch GET 200 https://registry.npmjs.org/hasown 73ms (cache miss)
1305 silly packumentCache full:https://registry.npmjs.org/hasown set size:undefined disposed:false
1306 http fetch GET 200 https://registry.npmjs.org/es-abstract 134ms (cache miss)
1307 silly packumentCache full:https://registry.npmjs.org/es-abstract set size:undefined disposed:false
1308 http fetch GET 200 https://registry.npmjs.org/strip-bom 69ms (cache miss)
1309 silly packumentCache full:https://registry.npmjs.org/strip-bom set size:undefined disposed:false
1310 http fetch GET 200 https://registry.npmjs.org/minimist 72ms (cache miss)
1311 silly packumentCache full:https://registry.npmjs.org/minimist set size:undefined disposed:false
1312 http fetch GET 200 https://registry.npmjs.org/@types%2fjson5 70ms (cache miss)
1313 silly packumentCache full:https://registry.npmjs.org/@types%2fjson5 set size:undefined disposed:false
1314 http fetch GET 200 https://registry.npmjs.org/es-abstract 156ms (cache miss)
1315 silly packumentCache full:https://registry.npmjs.org/es-abstract set size:undefined disposed:false
1316 http fetch GET 200 https://registry.npmjs.org/es-abstract 209ms (cache miss)
1317 silly packumentCache full:https://registry.npmjs.org/es-abstract set size:undefined disposed:false
1318 silly placeDep ROOT call-bind@1.0.9 REPLACE for: array-includes@3.1.9 want: ^1.0.8
1319 silly placeDep ROOT call-bound@1.0.4 OK for: array-includes@3.1.9 want: ^1.0.4
1320 silly placeDep ROOT es-abstract@1.24.2 REPLACE for: array-includes@3.1.9 want: ^1.24.0
1321 silly placeDep ROOT es-object-atoms@1.1.2 REPLACE for: array-includes@3.1.9 want: ^1.1.1
1322 silly placeDep ROOT get-intrinsic@1.3.0 REPLACE for: array-includes@3.1.9 want: ^1.3.0
1323 silly placeDep ROOT is-string@1.1.1 REPLACE for: array-includes@3.1.9 want: ^1.1.1
1324 silly placeDep ROOT math-intrinsics@1.1.0 OK for: array-includes@3.1.9 want: ^1.1.0
1325 silly fetch manifest call-bind-apply-helpers@^1.0.2
1326 silly packumentCache full:https://registry.npmjs.org/call-bind-apply-helpers cache-miss
1327 silly fetch manifest es-define-property@^1.0.1
1328 silly packumentCache full:https://registry.npmjs.org/es-define-property cache-miss
1329 silly fetch manifest call-bind-apply-helpers@^1.0.2
1330 silly packumentCache full:https://registry.npmjs.org/call-bind-apply-helpers cache-miss
1331 silly fetch manifest array-buffer-byte-length@^1.0.2
1332 silly packumentCache full:https://registry.npmjs.org/array-buffer-byte-length cache-miss
1333 silly fetch manifest arraybuffer.prototype.slice@^1.0.4
1334 silly packumentCache full:https://registry.npmjs.org/arraybuffer.prototype.slice cache-miss
1335 silly fetch manifest data-view-buffer@^1.0.2
1336 silly packumentCache full:https://registry.npmjs.org/data-view-buffer cache-miss
1337 silly fetch manifest data-view-byte-length@^1.0.2
1338 silly packumentCache full:https://registry.npmjs.org/data-view-byte-length cache-miss
1339 http fetch GET 200 https://registry.npmjs.org/array-buffer-byte-length 70ms (cache miss)
1340 silly packumentCache full:https://registry.npmjs.org/array-buffer-byte-length set size:undefined disposed:false
1341 silly fetch manifest data-view-byte-offset@^1.0.1
1342 silly packumentCache full:https://registry.npmjs.org/data-view-byte-offset cache-miss
1343 http fetch GET 200 https://registry.npmjs.org/es-define-property 71ms (cache miss)
1344 silly packumentCache full:https://registry.npmjs.org/es-define-property set size:undefined disposed:false
1345 silly fetch manifest es-set-tostringtag@^2.1.0
1346 silly packumentCache full:https://registry.npmjs.org/es-set-tostringtag cache-miss
1347 http fetch GET 200 https://registry.npmjs.org/call-bind-apply-helpers 80ms (cache miss)
1348 silly packumentCache full:https://registry.npmjs.org/call-bind-apply-helpers set size:undefined disposed:false
1349 silly fetch manifest es-to-primitive@^1.3.0
1350 silly packumentCache full:https://registry.npmjs.org/es-to-primitive cache-miss
1351 http fetch GET 200 https://registry.npmjs.org/arraybuffer.prototype.slice 81ms (cache miss)
1352 silly packumentCache full:https://registry.npmjs.org/arraybuffer.prototype.slice set size:undefined disposed:false
1353 silly fetch manifest function.prototype.name@^1.1.8
1354 silly packumentCache full:https://registry.npmjs.org/function.prototype.name cache-miss
1355 http fetch GET 200 https://registry.npmjs.org/data-view-buffer 81ms (cache miss)
1356 silly packumentCache full:https://registry.npmjs.org/data-view-buffer set size:undefined disposed:false
1357 silly fetch manifest get-proto@^1.0.1
1358 silly packumentCache full:https://registry.npmjs.org/get-proto cache-miss
1359 http fetch GET 200 https://registry.npmjs.org/data-view-byte-length 90ms (cache miss)
1360 silly packumentCache full:https://registry.npmjs.org/data-view-byte-length set size:undefined disposed:false
1361 silly fetch manifest get-symbol-description@^1.1.0
1362 silly packumentCache full:https://registry.npmjs.org/get-symbol-description cache-miss
1363 http fetch GET 200 https://registry.npmjs.org/data-view-byte-offset 59ms (cache miss)
1364 silly packumentCache full:https://registry.npmjs.org/data-view-byte-offset set size:undefined disposed:false
1365 silly fetch manifest gopd@^1.2.0
1366 silly packumentCache full:https://registry.npmjs.org/gopd cache-miss
1367 http fetch GET 200 https://registry.npmjs.org/es-set-tostringtag 60ms (cache miss)
1368 silly packumentCache full:https://registry.npmjs.org/es-set-tostringtag set size:undefined disposed:false
1369 silly fetch manifest has-proto@^1.2.0
1370 silly packumentCache full:https://registry.npmjs.org/has-proto cache-miss
1371 http fetch GET 200 https://registry.npmjs.org/call-bind-apply-helpers 137ms (cache miss)
1372 silly packumentCache full:https://registry.npmjs.org/call-bind-apply-helpers set size:undefined disposed:false
1373 silly fetch manifest has-symbols@^1.1.0
1374 silly packumentCache full:https://registry.npmjs.org/has-symbols cache-miss
1375 http fetch GET 200 https://registry.npmjs.org/es-to-primitive 63ms (cache miss)
1376 silly packumentCache full:https://registry.npmjs.org/es-to-primitive set size:undefined disposed:false
1377 silly fetch manifest internal-slot@^1.1.0
1378 silly packumentCache full:https://registry.npmjs.org/internal-slot cache-miss
1379 http fetch GET 200 https://registry.npmjs.org/get-proto 62ms (cache miss)
1380 silly packumentCache full:https://registry.npmjs.org/get-proto set size:undefined disposed:false
1381 silly fetch manifest is-array-buffer@^3.0.5
1382 silly packumentCache full:https://registry.npmjs.org/is-array-buffer cache-miss
1383 http fetch GET 200 https://registry.npmjs.org/function.prototype.name 67ms (cache miss)
1384 silly packumentCache full:https://registry.npmjs.org/function.prototype.name set size:undefined disposed:false
1385 silly fetch manifest is-data-view@^1.0.2
1386 silly packumentCache full:https://registry.npmjs.org/is-data-view cache-miss
1387 http fetch GET 200 https://registry.npmjs.org/get-symbol-description 88ms (cache miss)
1388 silly packumentCache full:https://registry.npmjs.org/get-symbol-description set size:undefined disposed:false
1389 silly fetch manifest is-regex@^1.2.1
1390 silly packumentCache full:https://registry.npmjs.org/is-regex cache-miss
1391 http fetch GET 200 https://registry.npmjs.org/gopd 53ms (cache miss)
1392 silly packumentCache full:https://registry.npmjs.org/gopd set size:undefined disposed:false
1393 silly fetch manifest is-shared-array-buffer@^1.0.4
1394 silly packumentCache full:https://registry.npmjs.org/is-shared-array-buffer cache-miss
1395 http fetch GET 200 https://registry.npmjs.org/has-proto 56ms (cache miss)
1396 silly packumentCache full:https://registry.npmjs.org/has-proto set size:undefined disposed:false
1397 silly fetch manifest is-typed-array@^1.1.15
1398 silly packumentCache full:https://registry.npmjs.org/is-typed-array cache-miss
1399 http fetch GET 200 https://registry.npmjs.org/is-data-view 54ms (cache miss)
1400 silly packumentCache full:https://registry.npmjs.org/is-data-view set size:undefined disposed:false
1401 silly fetch manifest is-weakref@^1.1.1
1402 silly packumentCache full:https://registry.npmjs.org/is-weakref cache-miss
1403 http fetch GET 200 https://registry.npmjs.org/internal-slot 63ms (cache miss)
1404 silly packumentCache full:https://registry.npmjs.org/internal-slot set size:undefined disposed:false
1405 silly fetch manifest object-inspect@^1.13.4
1406 silly packumentCache full:https://registry.npmjs.org/object-inspect cache-miss
1407 http fetch GET 200 https://registry.npmjs.org/has-symbols 71ms (cache miss)
1408 silly packumentCache full:https://registry.npmjs.org/has-symbols set size:undefined disposed:false
1409 silly fetch manifest object.assign@^4.1.7
1410 silly packumentCache full:https://registry.npmjs.org/object.assign cache-miss
1411 http fetch GET 200 https://registry.npmjs.org/is-array-buffer 68ms (cache miss)
1412 silly packumentCache full:https://registry.npmjs.org/is-array-buffer set size:undefined disposed:false
1413 silly fetch manifest own-keys@^1.0.1
1414 silly packumentCache full:https://registry.npmjs.org/own-keys cache-miss
1415 http fetch GET 200 https://registry.npmjs.org/is-shared-array-buffer 63ms (cache miss)
1416 silly packumentCache full:https://registry.npmjs.org/is-shared-array-buffer set size:undefined disposed:false
1417 silly fetch manifest regexp.prototype.flags@^1.5.4
1418 silly packumentCache full:https://registry.npmjs.org/regexp.prototype.flags cache-miss
1419 http fetch GET 200 https://registry.npmjs.org/is-typed-array 65ms (cache miss)
1420 silly packumentCache full:https://registry.npmjs.org/is-typed-array set size:undefined disposed:false
1421 silly fetch manifest safe-array-concat@^1.1.3
1422 silly packumentCache full:https://registry.npmjs.org/safe-array-concat cache-miss
1423 http fetch GET 200 https://registry.npmjs.org/is-weakref 76ms (cache miss)
1424 silly packumentCache full:https://registry.npmjs.org/is-weakref set size:undefined disposed:false
1425 silly fetch manifest safe-push-apply@^1.0.0
1426 silly packumentCache full:https://registry.npmjs.org/safe-push-apply cache-miss
1427 http fetch GET 200 https://registry.npmjs.org/is-regex 102ms (cache miss)
1428 silly packumentCache full:https://registry.npmjs.org/is-regex set size:undefined disposed:false
1429 silly fetch manifest safe-regex-test@^1.1.0
1430 silly packumentCache full:https://registry.npmjs.org/safe-regex-test cache-miss
1431 http fetch GET 200 https://registry.npmjs.org/own-keys 69ms (cache miss)
1432 silly packumentCache full:https://registry.npmjs.org/own-keys set size:undefined disposed:false
1433 silly fetch manifest set-proto@^1.0.0
1434 silly packumentCache full:https://registry.npmjs.org/set-proto cache-miss
1435 http fetch GET 200 https://registry.npmjs.org/object-inspect 77ms (cache miss)
1436 silly packumentCache full:https://registry.npmjs.org/object-inspect set size:undefined disposed:false
1437 silly fetch manifest stop-iteration-iterator@^1.1.0
1438 silly packumentCache full:https://registry.npmjs.org/stop-iteration-iterator cache-miss
1439 http fetch GET 200 https://registry.npmjs.org/object.assign 87ms (cache miss)
1440 silly packumentCache full:https://registry.npmjs.org/object.assign set size:undefined disposed:false
1441 silly fetch manifest string.prototype.trim@^1.2.10
1442 silly packumentCache full:https://registry.npmjs.org/string.prototype.trim cache-miss
1443 http fetch GET 200 https://registry.npmjs.org/regexp.prototype.flags 71ms (cache miss)
1444 silly packumentCache full:https://registry.npmjs.org/regexp.prototype.flags set size:undefined disposed:false
1445 silly fetch manifest typed-array-buffer@^1.0.3
1446 silly packumentCache full:https://registry.npmjs.org/typed-array-buffer cache-miss
1447 http fetch GET 200 https://registry.npmjs.org/safe-array-concat 70ms (cache miss)
1448 silly packumentCache full:https://registry.npmjs.org/safe-array-concat set size:undefined disposed:false
1449 silly fetch manifest typed-array-byte-length@^1.0.3
1450 silly packumentCache full:https://registry.npmjs.org/typed-array-byte-length cache-miss
1451 http fetch GET 200 https://registry.npmjs.org/safe-push-apply 57ms (cache miss)
1452 silly packumentCache full:https://registry.npmjs.org/safe-push-apply set size:undefined disposed:false
1453 silly fetch manifest typed-array-byte-offset@^1.0.4
1454 silly packumentCache full:https://registry.npmjs.org/typed-array-byte-offset cache-miss
1455 http fetch GET 200 https://registry.npmjs.org/stop-iteration-iterator 63ms (cache miss)
1456 silly packumentCache full:https://registry.npmjs.org/stop-iteration-iterator set size:undefined disposed:false
1457 silly fetch manifest typed-array-length@^1.0.7
1458 silly packumentCache full:https://registry.npmjs.org/typed-array-length cache-miss
1459 http fetch GET 200 https://registry.npmjs.org/safe-regex-test 73ms (cache miss)
1460 silly packumentCache full:https://registry.npmjs.org/safe-regex-test set size:undefined disposed:false
1461 silly fetch manifest unbox-primitive@^1.1.0
1462 silly packumentCache full:https://registry.npmjs.org/unbox-primitive cache-miss
1463 http fetch GET 200 https://registry.npmjs.org/set-proto 78ms (cache miss)
1464 silly packumentCache full:https://registry.npmjs.org/set-proto set size:undefined disposed:false
1465 silly fetch manifest which-typed-array@^1.1.19
1466 silly packumentCache full:https://registry.npmjs.org/which-typed-array cache-miss
1467 http fetch GET 200 https://registry.npmjs.org/typed-array-buffer 60ms (cache miss)
1468 silly packumentCache full:https://registry.npmjs.org/typed-array-buffer set size:undefined disposed:false
1469 http fetch GET 200 https://registry.npmjs.org/typed-array-byte-length 58ms (cache miss)
1470 silly packumentCache full:https://registry.npmjs.org/typed-array-byte-length set size:undefined disposed:false
1471 http fetch GET 200 https://registry.npmjs.org/string.prototype.trim 85ms (cache miss)
1472 silly packumentCache full:https://registry.npmjs.org/string.prototype.trim set size:undefined disposed:false
1473 http fetch GET 200 https://registry.npmjs.org/typed-array-byte-offset 64ms (cache miss)
1474 silly packumentCache full:https://registry.npmjs.org/typed-array-byte-offset set size:undefined disposed:false
1475 http fetch GET 200 https://registry.npmjs.org/typed-array-length 67ms (cache miss)
1476 silly packumentCache full:https://registry.npmjs.org/typed-array-length set size:undefined disposed:false
1477 http fetch GET 200 https://registry.npmjs.org/unbox-primitive 72ms (cache miss)
1478 silly packumentCache full:https://registry.npmjs.org/unbox-primitive set size:undefined disposed:false
1479 http fetch GET 200 https://registry.npmjs.org/which-typed-array 115ms (cache miss)
1480 silly packumentCache full:https://registry.npmjs.org/which-typed-array set size:undefined disposed:false
1481 silly placeDep ROOT es-shim-unscopables@1.1.0 REPLACE for: array.prototype.findlastindex@1.2.6 want: ^1.1.0
1482 silly placeDep ROOT call-bind-apply-helpers@1.0.2 OK for: call-bind@1.0.9 want: ^1.0.2
1483 silly placeDep ROOT es-define-property@1.0.1 REPLACE for: call-bind@1.0.9 want: ^1.0.1
1484 silly placeDep ROOT array-buffer-byte-length@1.0.2 OK for: es-abstract@1.24.2 want: ^1.0.2
1485 silly placeDep ROOT arraybuffer.prototype.slice@1.0.4 OK for: es-abstract@1.24.2 want: ^1.0.4
1486 silly placeDep ROOT data-view-buffer@1.0.2 OK for: es-abstract@1.24.2 want: ^1.0.2
1487 silly placeDep ROOT data-view-byte-length@1.0.2 OK for: es-abstract@1.24.2 want: ^1.0.2
1488 silly placeDep ROOT data-view-byte-offset@1.0.1 OK for: es-abstract@1.24.2 want: ^1.0.1
1489 silly placeDep ROOT es-set-tostringtag@2.1.0 REPLACE for: es-abstract@1.24.2 want: ^2.1.0
1490 silly placeDep ROOT es-to-primitive@1.3.4 OK for: es-abstract@1.24.2 want: ^1.3.0
1491 silly placeDep ROOT function.prototype.name@1.2.0 REPLACE for: es-abstract@1.24.2 want: ^1.1.8
1492 silly placeDep ROOT get-proto@1.0.1 OK for: es-abstract@1.24.2 want: ^1.0.1
1493 silly placeDep ROOT get-symbol-description@1.1.0 OK for: es-abstract@1.24.2 want: ^1.1.0
1494 silly placeDep ROOT gopd@1.2.0 REPLACE for: es-abstract@1.24.2 want: ^1.2.0
1495 silly placeDep ROOT has-proto@1.2.0 REPLACE for: es-abstract@1.24.2 want: ^1.2.0
1496 silly placeDep ROOT has-symbols@1.1.0 REPLACE for: es-abstract@1.24.2 want: ^1.1.0
1497 silly placeDep ROOT internal-slot@1.1.0 REPLACE for: es-abstract@1.24.2 want: ^1.1.0
1498 silly placeDep ROOT is-array-buffer@3.0.5 OK for: es-abstract@1.24.2 want: ^3.0.5
1499 silly placeDep ROOT is-data-view@1.0.2 OK for: es-abstract@1.24.2 want: ^1.0.2
1500 silly placeDep ROOT is-regex@1.2.1 REPLACE for: es-abstract@1.24.2 want: ^1.2.1
1501 silly placeDep ROOT is-shared-array-buffer@1.0.4 OK for: es-abstract@1.24.2 want: ^1.0.4
1502 silly placeDep ROOT is-typed-array@1.1.15 OK for: es-abstract@1.24.2 want: ^1.1.15
1503 silly placeDep ROOT is-weakref@1.1.1 REPLACE for: es-abstract@1.24.2 want: ^1.1.1
1504 silly placeDep ROOT object-inspect@1.13.4 OK for: es-abstract@1.24.2 want: ^1.13.4
1505 silly placeDep ROOT object.assign@4.1.7 REPLACE for: es-abstract@1.24.2 want: ^4.1.7
1506 silly placeDep ROOT own-keys@1.0.2 OK for: es-abstract@1.24.2 want: ^1.0.1
1507 silly placeDep ROOT regexp.prototype.flags@1.5.4 OK for: es-abstract@1.24.2 want: ^1.5.4
1508 silly placeDep ROOT safe-array-concat@1.1.4 REPLACE for: es-abstract@1.24.2 want: ^1.1.3
1509 silly placeDep ROOT safe-push-apply@1.0.0 OK for: es-abstract@1.24.2 want: ^1.0.0
1510 silly placeDep ROOT safe-regex-test@1.1.0 REPLACE for: es-abstract@1.24.2 want: ^1.1.0
1511 silly placeDep ROOT set-proto@1.0.0 OK for: es-abstract@1.24.2 want: ^1.0.0
1512 silly placeDep ROOT stop-iteration-iterator@1.1.0 OK for: es-abstract@1.24.2 want: ^1.1.0
1513 silly placeDep ROOT string.prototype.trim@1.2.11 OK for: es-abstract@1.24.2 want: ^1.2.10
1514 silly placeDep ROOT typed-array-buffer@1.0.3 OK for: es-abstract@1.24.2 want: ^1.0.3
1515 silly placeDep ROOT typed-array-byte-length@1.0.3 OK for: es-abstract@1.24.2 want: ^1.0.3
1516 silly placeDep ROOT typed-array-byte-offset@1.0.4 OK for: es-abstract@1.24.2 want: ^1.0.4
1517 silly placeDep ROOT typed-array-length@1.0.8 OK for: es-abstract@1.24.2 want: ^1.0.7
1518 silly placeDep ROOT unbox-primitive@1.1.0 OK for: es-abstract@1.24.2 want: ^1.1.0
1519 silly placeDep ROOT which-typed-array@1.1.22 REPLACE for: es-abstract@1.24.2 want: ^1.1.19
1520 silly fetch manifest is-array-buffer@^3.0.4
1521 silly packumentCache full:https://registry.npmjs.org/is-array-buffer cache-miss
1522 silly fetch manifest is-data-view@^1.0.1
1523 silly packumentCache full:https://registry.npmjs.org/is-data-view cache-miss
1524 silly fetch manifest is-symbol@^1.1.1
1525 silly packumentCache full:https://registry.npmjs.org/is-symbol cache-miss
1526 silly fetch manifest is-date-object@^1.1.0
1527 silly packumentCache full:https://registry.npmjs.org/is-date-object cache-miss
1528 silly fetch manifest es-abstract-get@^1.0.0
1529 silly packumentCache full:https://registry.npmjs.org/es-abstract-get cache-miss
1530 silly fetch manifest hasown@^2.0.4
1531 silly packumentCache full:https://registry.npmjs.org/hasown cache-miss
1532 silly fetch manifest is-document.all@^1.0.0
1533 silly packumentCache full:https://registry.npmjs.org/is-document.all cache-miss
1534 http cache https://registry.npmjs.org/is-array-buffer 3ms (cache hit)
1535 silly packumentCache full:https://registry.npmjs.org/is-array-buffer set size:33562 disposed:false
1536 silly fetch manifest dunder-proto@^1.0.1
1537 silly packumentCache full:https://registry.npmjs.org/dunder-proto cache-miss
1538 http cache https://registry.npmjs.org/is-data-view 4ms (cache hit)
1539 silly packumentCache full:https://registry.npmjs.org/is-data-view set size:13756 disposed:false
1540 silly fetch manifest dunder-proto@^1.0.0
1541 silly packumentCache full:https://registry.npmjs.org/dunder-proto cache-miss
1542 http cache https://registry.npmjs.org/hasown 3ms (cache hit)
1543 silly packumentCache full:https://registry.npmjs.org/hasown set size:18361 disposed:false
1544 silly fetch manifest side-channel@^1.1.0
1545 silly packumentCache full:https://registry.npmjs.org/side-channel cache-miss
1546 http fetch GET 200 https://registry.npmjs.org/es-abstract-get 73ms (cache miss)
1547 silly packumentCache full:https://registry.npmjs.org/es-abstract-get set size:undefined disposed:false
1548 silly fetch manifest is-typed-array@^1.1.13
1549 silly packumentCache full:https://registry.npmjs.org/is-typed-array cache-miss
1550 http cache https://registry.npmjs.org/is-typed-array 1ms (cache hit)
1551 silly packumentCache full:https://registry.npmjs.org/is-typed-array set size:79965 disposed:false
1552 silly fetch manifest which-typed-array@^1.1.16
1553 silly packumentCache full:https://registry.npmjs.org/which-typed-array cache-miss
1554 http cache https://registry.npmjs.org/which-typed-array 1ms (cache hit)
1555 silly packumentCache full:https://registry.npmjs.org/which-typed-array set size:101551 disposed:false
1556 silly fetch manifest dunder-proto@^1.0.1
1557 silly packumentCache full:https://registry.npmjs.org/dunder-proto cache-miss
1558 http fetch GET 200 https://registry.npmjs.org/dunder-proto 77ms (cache miss)
1559 silly packumentCache full:https://registry.npmjs.org/dunder-proto set size:undefined disposed:false
1560 silly fetch manifest reflect.getprototypeof@^1.0.9
1561 silly packumentCache full:https://registry.npmjs.org/reflect.getprototypeof cache-miss
1562 http fetch GET 200 https://registry.npmjs.org/is-document.all 79ms (cache miss)
1563 silly packumentCache full:https://registry.npmjs.org/is-document.all set size:undefined disposed:false
1564 silly fetch manifest for-each@^0.3.5
1565 silly packumentCache full:https://registry.npmjs.org/for-each cache-miss
1566 http fetch GET 200 https://registry.npmjs.org/is-symbol 81ms (cache miss)
1567 silly packumentCache full:https://registry.npmjs.org/is-symbol set size:undefined disposed:false
1568 silly fetch manifest possible-typed-array-names@^1.1.0
1569 silly packumentCache full:https://registry.npmjs.org/possible-typed-array-names cache-miss
1570 http fetch GET 200 https://registry.npmjs.org/is-date-object 87ms (cache miss)
1571 silly packumentCache full:https://registry.npmjs.org/is-date-object set size:undefined disposed:false
1572 silly fetch manifest reflect.getprototypeof@^1.0.10
1573 silly packumentCache full:https://registry.npmjs.org/reflect.getprototypeof cache-miss
1574 http fetch GET 200 https://registry.npmjs.org/dunder-proto 99ms (cache miss)
1575 silly packumentCache full:https://registry.npmjs.org/dunder-proto set size:undefined disposed:false
1576 silly fetch manifest which-boxed-primitive@^1.1.1
1577 silly packumentCache full:https://registry.npmjs.org/which-boxed-primitive cache-miss
1578 http fetch GET 200 https://registry.npmjs.org/side-channel 99ms (cache miss)
1579 silly packumentCache full:https://registry.npmjs.org/side-channel set size:undefined disposed:false
1580 silly fetch manifest for-each@^0.3.5
1581 silly packumentCache full:https://registry.npmjs.org/for-each cache-miss
1582 http fetch GET 200 https://registry.npmjs.org/dunder-proto 59ms (cache miss)
1583 silly packumentCache full:https://registry.npmjs.org/dunder-proto set size:undefined disposed:false
1584 http fetch GET 200 https://registry.npmjs.org/for-each 65ms (cache miss)
1585 silly packumentCache full:https://registry.npmjs.org/for-each set size:undefined disposed:false
1586 http fetch GET 200 https://registry.npmjs.org/reflect.getprototypeof 67ms (cache miss)
1587 silly packumentCache full:https://registry.npmjs.org/reflect.getprototypeof set size:undefined disposed:false
1588 http fetch GET 200 https://registry.npmjs.org/reflect.getprototypeof 73ms (cache miss)
1589 silly packumentCache full:https://registry.npmjs.org/reflect.getprototypeof set size:undefined disposed:false
1590 http fetch GET 200 https://registry.npmjs.org/for-each 74ms (cache miss)
1591 silly packumentCache full:https://registry.npmjs.org/for-each set size:undefined disposed:false
1592 http fetch GET 200 https://registry.npmjs.org/which-boxed-primitive 95ms (cache miss)
1593 silly packumentCache full:https://registry.npmjs.org/which-boxed-primitive set size:undefined disposed:false
1594 http fetch GET 200 https://registry.npmjs.org/possible-typed-array-names 305ms (cache miss)
1595 silly packumentCache full:https://registry.npmjs.org/possible-typed-array-names set size:undefined disposed:false
1596 silly placeDep ROOT es-abstract-get@1.0.0 OK for: es-to-primitive@1.3.4 want: ^1.0.0
1597 silly placeDep ROOT is-date-object@1.1.0 REPLACE for: es-to-primitive@1.3.4 want: ^1.1.0
1598 silly placeDep ROOT is-symbol@1.1.1 REPLACE for: es-to-primitive@1.3.4 want: ^1.1.1
1599 silly placeDep ROOT hasown@2.0.4 REPLACE for: function.prototype.name@1.2.0 want: ^2.0.4
1600 silly placeDep ROOT is-document.all@1.0.0 OK for: function.prototype.name@1.2.0 want: ^1.0.0
1601 silly placeDep ROOT dunder-proto@1.0.1 OK for: get-proto@1.0.1 want: ^1.0.1
1602 silly placeDep ROOT side-channel@1.1.1 OK for: internal-slot@1.1.0 want: ^1.1.0
1603 silly fetch manifest side-channel-list@^1.0.1
1604 silly packumentCache full:https://registry.npmjs.org/side-channel-list cache-miss
1605 silly fetch manifest side-channel-map@^1.0.1
1606 silly packumentCache full:https://registry.npmjs.org/side-channel-map cache-miss
1607 silly fetch manifest side-channel-weakmap@^1.0.2
1608 silly packumentCache full:https://registry.npmjs.org/side-channel-weakmap cache-miss
1609 http fetch GET 200 https://registry.npmjs.org/side-channel-map 67ms (cache miss)
1610 silly packumentCache full:https://registry.npmjs.org/side-channel-map set size:undefined disposed:false
1611 http fetch GET 200 https://registry.npmjs.org/side-channel-weakmap 69ms (cache miss)
1612 silly packumentCache full:https://registry.npmjs.org/side-channel-weakmap set size:undefined disposed:false
1613 http fetch GET 200 https://registry.npmjs.org/side-channel-list 319ms (cache miss)
1614 silly packumentCache full:https://registry.npmjs.org/side-channel-list set size:undefined disposed:false
1615 silly placeDep ROOT side-channel-list@1.0.1 OK for: side-channel@1.1.1 want: ^1.0.1
1616 silly placeDep ROOT side-channel-map@1.0.1 OK for: side-channel@1.1.1 want: ^1.0.1
1617 silly placeDep ROOT side-channel-weakmap@1.0.2 OK for: side-channel@1.1.1 want: ^1.0.2
1618 silly placeDep ROOT @types/json5@0.0.29 OK for: tsconfig-paths@3.15.0 want: ^0.0.29
1619 silly placeDep node_modules/tsconfig-paths json5@1.0.2 OK for: tsconfig-paths@3.15.0 want: ^1.0.2
1620 silly placeDep ROOT minimist@1.2.8 OK for: tsconfig-paths@3.15.0 want: ^1.2.6
1621 silly placeDep ROOT strip-bom@3.0.0 OK for: tsconfig-paths@3.15.0 want: ^3.0.0
1622 silly fetch manifest minimist@^1.2.0
1623 silly packumentCache full:https://registry.npmjs.org/minimist cache-miss
1624 http cache https://registry.npmjs.org/minimist 3ms (cache hit)
1625 silly packumentCache full:https://registry.npmjs.org/minimist set size:77063 disposed:false
1626 silly placeDep ROOT reflect.getprototypeof@1.0.10 REPLACE for: typed-array-byte-offset@1.0.4 want: ^1.0.9
1627 silly fetch manifest which-builtin-type@^1.2.1
1628 silly packumentCache full:https://registry.npmjs.org/which-builtin-type cache-miss
1629 http fetch GET 200 https://registry.npmjs.org/which-builtin-type 95ms (cache miss)
1630 silly packumentCache full:https://registry.npmjs.org/which-builtin-type set size:undefined disposed:false
1631 silly placeDep ROOT which-builtin-type@1.2.1 OK for: reflect.getprototypeof@1.0.10 want: ^1.2.1
1632 silly fetch manifest is-async-function@^2.0.0
1633 silly packumentCache full:https://registry.npmjs.org/is-async-function cache-miss
1634 silly fetch manifest is-finalizationregistry@^1.1.0
1635 silly packumentCache full:https://registry.npmjs.org/is-finalizationregistry cache-miss
1636 silly fetch manifest is-generator-function@^1.0.10
1637 silly packumentCache full:https://registry.npmjs.org/is-generator-function cache-miss
1638 silly fetch manifest which-boxed-primitive@^1.1.0
1639 silly packumentCache full:https://registry.npmjs.org/which-boxed-primitive cache-miss
1640 silly fetch manifest which-collection@^1.0.2
1641 silly packumentCache full:https://registry.npmjs.org/which-collection cache-miss
1642 http cache https://registry.npmjs.org/which-boxed-primitive 9ms (cache hit)
1643 silly packumentCache full:https://registry.npmjs.org/which-boxed-primitive set size:19407 disposed:false
1644 http fetch GET 200 https://registry.npmjs.org/which-collection 78ms (cache miss)
1645 silly packumentCache full:https://registry.npmjs.org/which-collection set size:undefined disposed:false
1646 http fetch GET 200 https://registry.npmjs.org/is-finalizationregistry 79ms (cache miss)
1647 silly packumentCache full:https://registry.npmjs.org/is-finalizationregistry set size:undefined disposed:false
1648 http fetch GET 200 https://registry.npmjs.org/is-async-function 90ms (cache miss)
1649 silly packumentCache full:https://registry.npmjs.org/is-async-function set size:undefined disposed:false
1650 http fetch GET 200 https://registry.npmjs.org/is-generator-function 114ms (cache miss)
1651 silly packumentCache full:https://registry.npmjs.org/is-generator-function set size:undefined disposed:false
1652 silly placeDep ROOT for-each@0.3.5 REPLACE for: typed-array-length@1.0.8 want: ^0.3.5
1653 silly placeDep ROOT possible-typed-array-names@1.1.0 REPLACE for: typed-array-length@1.0.8 want: ^1.1.0
1654 silly placeDep ROOT which-boxed-primitive@1.1.1 OK for: unbox-primitive@1.1.0 want: ^1.1.1
1655 silly fetch manifest is-bigint@^1.1.0
1656 silly packumentCache full:https://registry.npmjs.org/is-bigint cache-miss
1657 silly fetch manifest is-boolean-object@^1.2.1
1658 silly packumentCache full:https://registry.npmjs.org/is-boolean-object cache-miss
1659 silly fetch manifest is-number-object@^1.1.1
1660 silly packumentCache full:https://registry.npmjs.org/is-number-object cache-miss
1661 http fetch GET 200 https://registry.npmjs.org/is-boolean-object 70ms (cache miss)
1662 silly packumentCache full:https://registry.npmjs.org/is-boolean-object set size:undefined disposed:false
1663 http fetch GET 200 https://registry.npmjs.org/is-bigint 75ms (cache miss)
1664 silly packumentCache full:https://registry.npmjs.org/is-bigint set size:undefined disposed:false
1665 http fetch GET 200 https://registry.npmjs.org/is-number-object 80ms (cache miss)
1666 silly packumentCache full:https://registry.npmjs.org/is-number-object set size:undefined disposed:false
1667 silly placeDep ROOT is-bigint@1.1.0 OK for: which-boxed-primitive@1.1.1 want: ^1.1.0
1668 silly placeDep ROOT is-boolean-object@1.2.2 OK for: which-boxed-primitive@1.1.1 want: ^1.2.1
1669 silly placeDep ROOT is-number-object@1.1.1 OK for: which-boxed-primitive@1.1.1 want: ^1.1.1
1670 silly placeDep ROOT is-async-function@2.1.1 OK for: which-builtin-type@1.2.1 want: ^2.0.0
1671 silly placeDep ROOT is-finalizationregistry@1.1.1 OK for: which-builtin-type@1.2.1 want: ^1.1.0
1672 silly placeDep ROOT is-generator-function@1.1.2 OK for: which-builtin-type@1.2.1 want: ^1.0.10
1673 silly placeDep ROOT which-collection@1.0.2 OK for: which-builtin-type@1.2.1 want: ^1.0.2
1674 silly fetch manifest async-function@^1.0.0
1675 silly packumentCache full:https://registry.npmjs.org/async-function cache-miss
1676 silly fetch manifest generator-function@^2.0.0
1677 silly packumentCache full:https://registry.npmjs.org/generator-function cache-miss
1678 silly fetch manifest is-map@^2.0.3
1679 silly packumentCache full:https://registry.npmjs.org/is-map cache-miss
1680 silly fetch manifest is-weakmap@^2.0.2
1681 silly packumentCache full:https://registry.npmjs.org/is-weakmap cache-miss
1682 silly fetch manifest is-weakset@^2.0.3
1683 silly packumentCache full:https://registry.npmjs.org/is-weakset cache-miss
1684 http fetch GET 200 https://registry.npmjs.org/async-function 58ms (cache miss)
1685 silly packumentCache full:https://registry.npmjs.org/async-function set size:undefined disposed:false
1686 http fetch GET 200 https://registry.npmjs.org/generator-function 63ms (cache miss)
1687 silly packumentCache full:https://registry.npmjs.org/generator-function set size:undefined disposed:false
1688 http fetch GET 200 https://registry.npmjs.org/is-weakset 63ms (cache miss)
1689 silly packumentCache full:https://registry.npmjs.org/is-weakset set size:undefined disposed:false
1690 http fetch GET 200 https://registry.npmjs.org/is-weakmap 84ms (cache miss)
1691 silly packumentCache full:https://registry.npmjs.org/is-weakmap set size:undefined disposed:false
1692 http fetch GET 200 https://registry.npmjs.org/is-map 311ms (cache miss)
1693 silly packumentCache full:https://registry.npmjs.org/is-map set size:undefined disposed:false
1694 silly placeDep ROOT async-function@1.0.0 OK for: is-async-function@2.1.1 want: ^1.0.0
1695 silly placeDep ROOT generator-function@2.0.1 OK for: is-generator-function@1.1.2 want: ^2.0.0
1696 silly placeDep ROOT is-map@2.0.3 OK for: which-collection@1.0.2 want: ^2.0.3
1697 silly placeDep ROOT is-weakmap@2.0.2 OK for: which-collection@1.0.2 want: ^2.0.2
1698 silly placeDep ROOT is-weakset@2.0.4 OK for: which-collection@1.0.2 want: ^2.0.3
1699 silly placeDep ROOT aria-query@5.3.2 OK for: eslint-plugin-jsx-a11y@6.10.2 want: ^5.3.2
1700 silly placeDep ROOT ast-types-flow@0.0.8 OK for: eslint-plugin-jsx-a11y@6.10.2 want: ^0.0.8
1701 silly placeDep ROOT axe-core@4.13.0 OK for: eslint-plugin-jsx-a11y@6.10.2 want: ^4.10.0
1702 silly placeDep ROOT axobject-query@4.1.0 OK for: eslint-plugin-jsx-a11y@6.10.2 want: ^4.1.0
1703 silly placeDep ROOT damerau-levenshtein@1.0.8 OK for: eslint-plugin-jsx-a11y@6.10.2 want: ^1.0.8
1704 silly placeDep ROOT language-tags@1.0.9 OK for: eslint-plugin-jsx-a11y@6.10.2 want: ^1.0.9
1705 silly placeDep ROOT string.prototype.includes@2.0.1 OK for: eslint-plugin-jsx-a11y@6.10.2 want: ^2.0.1
1706 silly fetch manifest language-subtag-registry@^0.3.20
1707 silly packumentCache full:https://registry.npmjs.org/language-subtag-registry cache-miss
1708 http fetch GET 200 https://registry.npmjs.org/language-subtag-registry 80ms (cache miss)
1709 silly packumentCache full:https://registry.npmjs.org/language-subtag-registry set size:undefined disposed:false
1710 silly placeDep ROOT language-subtag-registry@0.3.23 OK for: language-tags@1.0.9 want: ^0.3.20
1711 silly placeDep ROOT array.prototype.findlast@1.2.5 OK for: eslint-plugin-react@7.37.5 want: ^1.2.5
1712 silly placeDep ROOT array.prototype.tosorted@1.1.4 OK for: eslint-plugin-react@7.37.5 want: ^1.1.4
1713 silly placeDep ROOT es-iterator-helpers@1.4.0 REPLACE for: eslint-plugin-react@7.37.5 want: ^1.2.1
1714 silly placeDep ROOT object.entries@1.1.9 OK for: eslint-plugin-react@7.37.5 want: ^1.1.9
1715 silly placeDep ROOT prop-types@15.8.1 OK for: eslint-plugin-react@7.37.5 want: ^15.8.1
1716 silly placeDep node_modules/eslint-config-next resolve@2.0.0-next.7 OK for: eslint-plugin-react@7.37.5 want: ^2.0.0-next.5
1717 silly placeDep ROOT string.prototype.matchall@4.0.12 OK for: eslint-plugin-react@7.37.5 want: ^4.0.12
1718 silly placeDep ROOT string.prototype.repeat@1.0.0 OK for: eslint-plugin-react@7.37.5 want: ^1.0.0
1719 silly fetch manifest iterator.prototype@^1.1.5
1720 silly packumentCache full:https://registry.npmjs.org/iterator.prototype cache-miss
1721 silly fetch manifest react-is@^16.13.1
1722 silly packumentCache full:https://registry.npmjs.org/react-is cache-miss
1723 silly fetch manifest node-exports-info@^1.6.0
1724 silly packumentCache full:https://registry.npmjs.org/node-exports-info cache-miss
1725 http fetch GET 200 https://registry.npmjs.org/iterator.prototype 73ms (cache miss)
1726 silly packumentCache full:https://registry.npmjs.org/iterator.prototype set size:undefined disposed:false
1727 http fetch GET 200 https://registry.npmjs.org/node-exports-info 75ms (cache miss)
1728 silly packumentCache full:https://registry.npmjs.org/node-exports-info set size:undefined disposed:false
1729 http fetch GET 200 https://registry.npmjs.org/react-is 1298ms (cache miss)
1730 silly packumentCache full:https://registry.npmjs.org/react-is set size:undefined disposed:false
1731 silly placeDep ROOT iterator.prototype@1.1.5 OK for: es-iterator-helpers@1.4.0 want: ^1.1.5
1732 silly placeDep ROOT react-is@16.13.1 OK for: prop-types@15.8.1 want: ^16.13.1
1733 silly placeDep node_modules/eslint-config-next brace-expansion@1.1.18 OK for: minimatch@3.1.5 want: ^1.1.7
1734 silly fetch manifest concat-map@0.0.1
1735 silly packumentCache full:https://registry.npmjs.org/concat-map cache-miss
1736 http fetch GET 200 https://registry.npmjs.org/concat-map 66ms (cache miss)
1737 silly packumentCache full:https://registry.npmjs.org/concat-map set size:undefined disposed:false
1738 silly placeDep ROOT concat-map@0.0.1 OK for: brace-expansion@1.1.18 want: 0.0.1
1739 silly placeDep ROOT node-exports-info@1.6.2 OK for: resolve@2.0.0-next.7 want: ^1.6.0
1740 silly placeDep node_modules/node-exports-info semver@6.3.1 OK for: node-exports-info@1.6.2 want: ^6.3.1
1741 silly reify mark retired [
1741 silly reify   '/Users/suraj/Desktop/Project/persnol/portfolio/node_modules/@eslint-community/eslint-utils'
1741 silly reify ]
1742 silly reify mark retired [
1742 silly reify   '/Users/suraj/Desktop/Project/persnol/portfolio/node_modules/@eslint-community/regexpp'
1742 silly reify ]
1743 silly reify mark retired [
1743 silly reify   '/Users/suraj/Desktop/Project/persnol/portfolio/node_modules/@eslint/eslintrc'
1743 silly reify ]
1744 silly reify mark retired [
1744 silly reify   '/Users/suraj/Desktop/Project/persnol/portfolio/node_modules/@eslint/js'
1744 silly reify ]
1745 silly reify mark retired [
1745 silly reify   '/Users/suraj/Desktop/Project/persnol/portfolio/node_modules/@humanwhocodes/config-array'
1745 silly reify ]
1746 silly reify mark retired [
1746 silly reify   '/Users/suraj/Desktop/Project/persnol/portfolio/node_modules/@humanwhocodes/object-schema'
1746 silly reify ]
1747 silly reify mark retired [
1747 silly reify   '/Users/suraj/Desktop/Project/persnol/portfolio/node_modules/@jridgewell/gen-mapping'
1747 silly reify ]
1748 silly reify mark retired [
1748 silly reify   '/Users/suraj/Desktop/Project/persnol/portfolio/node_modules/@jridgewell/set-array'
1748 silly reify ]
1749 silly reify mark retired [
1749 silly reify   '/Users/suraj/Desktop/Project/persnol/portfolio/node_modules/@jridgewell/trace-mapping'
1749 silly reify ]
1750 silly reify mark retired [
1750 silly reify   '/Users/suraj/Desktop/Project/persnol/portfolio/node_modules/@next/env'
1750 silly reify ]
1751 silly reify mark retired [
1751 silly reify   '/Users/suraj/Desktop/Project/persnol/portfolio/node_modules/@next/eslint-plugin-next'
1751 silly reify ]
1752 silly reify mark retired [
1752 silly reify   '/Users/suraj/Desktop/Project/persnol/portfolio/node_modules/@next/swc-darwin-arm64'
1752 silly reify ]
1753 silly reify mark retired [
1753 silly reify   '/Users/suraj/Desktop/Project/persnol/portfolio/node_modules/@rushstack/eslint-patch'
1753 silly reify ]
1754 silly reify mark retired [
1754 silly reify   '/Users/suraj/Desktop/Project/persnol/portfolio/node_modules/@swc/counter'
1754 silly reify ]
1755 silly reify mark retired [
1755 silly reify   '/Users/suraj/Desktop/Project/persnol/portfolio/node_modules/@swc/helpers'
1755 silly reify ]
1756 silly reify mark retired [
1756 silly reify   '/Users/suraj/Desktop/Project/persnol/portfolio/node_modules/@types/semver'
1756 silly reify ]
1757 silly reify mark retired [
1757 silly reify   '/Users/suraj/Desktop/Project/persnol/portfolio/node_modules/@typescript-eslint/eslint-plugin'
1757 silly reify ]
1758 silly reify mark retired [
1758 silly reify   '/Users/suraj/Desktop/Project/persnol/portfolio/node_modules/@typescript-eslint/parser'
1758 silly reify ]
1759 silly reify mark retired [
1759 silly reify   '/Users/suraj/Desktop/Project/persnol/portfolio/node_modules/@typescript-eslint/scope-manager'
1759 silly reify ]
1760 silly reify mark retired [
1760 silly reify   '/Users/suraj/Desktop/Project/persnol/portfolio/node_modules/@typescript-eslint/type-utils'
1760 silly reify ]
1761 silly reify mark retired [
1761 silly reify   '/Users/suraj/Desktop/Project/persnol/portfolio/node_modules/@typescript-eslint/types'
1761 silly reify ]
1762 silly reify mark retired [
1762 silly reify   '/Users/suraj/Desktop/Project/persnol/portfolio/node_modules/@typescript-eslint/typescript-estree'
1762 silly reify ]
1763 silly reify mark retired [
1763 silly reify   '/Users/suraj/Desktop/Project/persnol/portfolio/node_modules/@typescript-eslint/utils'
1763 silly reify ]
1764 silly reify mark retired [
1764 silly reify   '/Users/suraj/Desktop/Project/persnol/portfolio/node_modules/@typescript-eslint/visitor-keys'
1764 silly reify ]
1765 silly reify mark retired [
1765 silly reify   '/Users/suraj/Desktop/Project/persnol/portfolio/node_modules/acorn',
1765 silly reify   '/Users/suraj/Desktop/Project/persnol/portfolio/node_modules/.bin/acorn'
1765 silly reify ]
1766 silly reify mark retired [ '/Users/suraj/Desktop/Project/persnol/portfolio/node_modules/ajv' ]
1767 silly reify mark retired [
1767 silly reify   '/Users/suraj/Desktop/Project/persnol/portfolio/node_modules/argparse'
1767 silly reify ]
1768 silly reify mark retired [
1768 silly reify   '/Users/suraj/Desktop/Project/persnol/portfolio/node_modules/aria-query'
1768 silly reify ]
1769 silly reify mark retired [
1769 silly reify   '/Users/suraj/Desktop/Project/persnol/portfolio/node_modules/array-buffer-byte-length'
1769 silly reify ]
1770 silly reify mark retired [
1770 silly reify   '/Users/suraj/Desktop/Project/persnol/portfolio/node_modules/array-includes'
1770 silly reify ]
1771 silly reify mark retired [
1771 silly reify   '/Users/suraj/Desktop/Project/persnol/portfolio/node_modules/array-union'
1771 silly reify ]
1772 silly reify mark retired [
1772 silly reify   '/Users/suraj/Desktop/Project/persnol/portfolio/node_modules/array.prototype.findlastindex'
1772 silly reify ]
1773 silly reify mark retired [
1773 silly reify   '/Users/suraj/Desktop/Project/persnol/portfolio/node_modules/array.prototype.flat'
1773 silly reify ]
1774 silly reify mark retired [
1774 silly reify   '/Users/suraj/Desktop/Project/persnol/portfolio/node_modules/array.prototype.flatmap'
1774 silly reify ]
1775 silly reify mark retired [
1775 silly reify   '/Users/suraj/Desktop/Project/persnol/portfolio/node_modules/arraybuffer.prototype.slice'
1775 silly reify ]
1776 silly reify mark retired [
1776 silly reify   '/Users/suraj/Desktop/Project/persnol/portfolio/node_modules/axe-core'
1776 silly reify ]
1777 silly reify mark retired [
1777 silly reify   '/Users/suraj/Desktop/Project/persnol/portfolio/node_modules/brace-expansion'
1777 silly reify ]
1778 silly reify mark retired [
1778 silly reify   '/Users/suraj/Desktop/Project/persnol/portfolio/node_modules/busboy'
1778 silly reify ]
1779 silly reify mark retired [
1779 silly reify   '/Users/suraj/Desktop/Project/persnol/portfolio/node_modules/call-bind'
1779 silly reify ]
1780 silly reify mark retired [
1780 silly reify   '/Users/suraj/Desktop/Project/persnol/portfolio/node_modules/callsites'
1780 silly reify ]
1781 silly reify mark retired [
1781 silly reify   '/Users/suraj/Desktop/Project/persnol/portfolio/node_modules/caniuse-lite'
1781 silly reify ]
1782 silly reify mark retired [ '/Users/suraj/Desktop/Project/persnol/portfolio/node_modules/chalk' ]
1783 silly reify mark retired [
1783 silly reify   '/Users/suraj/Desktop/Project/persnol/portfolio/node_modules/cross-spawn'
1783 silly reify ]
1784 silly reify mark retired [
1784 silly reify   '/Users/suraj/Desktop/Project/persnol/portfolio/node_modules/data-view-buffer'
1784 silly reify ]
1785 silly reify mark retired [
1785 silly reify   '/Users/suraj/Desktop/Project/persnol/portfolio/node_modules/data-view-byte-length'
1785 silly reify ]
1786 silly reify mark retired [
1786 silly reify   '/Users/suraj/Desktop/Project/persnol/portfolio/node_modules/data-view-byte-offset'
1786 silly reify ]
1787 silly reify mark retired [
1787 silly reify   '/Users/suraj/Desktop/Project/persnol/portfolio/node_modules/deep-equal'
1787 silly reify ]
1788 silly reify mark retired [
1788 silly reify   '/Users/suraj/Desktop/Project/persnol/portfolio/node_modules/dir-glob'
1788 silly reify ]
1789 silly reify mark retired [
1789 silly reify   '/Users/suraj/Desktop/Project/persnol/portfolio/node_modules/doctrine'
1789 silly reify ]
1790 silly reify mark retired [
1790 silly reify   '/Users/suraj/Desktop/Project/persnol/portfolio/node_modules/enhanced-resolve'
1790 silly reify ]
1791 silly reify mark retired [
1791 silly reify   '/Users/suraj/Desktop/Project/persnol/portfolio/node_modules/es-abstract'
1791 silly reify ]
1792 silly reify mark retired [
1792 silly reify   '/Users/suraj/Desktop/Project/persnol/portfolio/node_modules/es-define-property'
1792 silly reify ]
1793 silly reify mark retired [
1793 silly reify   '/Users/suraj/Desktop/Project/persnol/portfolio/node_modules/es-get-iterator'
1793 silly reify ]
1794 silly reify mark retired [
1794 silly reify   '/Users/suraj/Desktop/Project/persnol/portfolio/node_modules/es-iterator-helpers'
1794 silly reify ]
1795 silly reify mark retired [
1795 silly reify   '/Users/suraj/Desktop/Project/persnol/portfolio/node_modules/es-object-atoms'
1795 silly reify ]
1796 silly reify mark retired [
1796 silly reify   '/Users/suraj/Desktop/Project/persnol/portfolio/node_modules/es-set-tostringtag'
1796 silly reify ]
1797 silly reify mark retired [
1797 silly reify   '/Users/suraj/Desktop/Project/persnol/portfolio/node_modules/es-shim-unscopables'
1797 silly reify ]
1798 silly reify mark retired [
1798 silly reify   '/Users/suraj/Desktop/Project/persnol/portfolio/node_modules/es-to-primitive'
1798 silly reify ]
1799 silly reify mark retired [
1799 silly reify   '/Users/suraj/Desktop/Project/persnol/portfolio/node_modules/eslint',
1799 silly reify   '/Users/suraj/Desktop/Project/persnol/portfolio/node_modules/.bin/eslint'
1799 silly reify ]
1800 silly reify mark retired [
1800 silly reify   '/Users/suraj/Desktop/Project/persnol/portfolio/node_modules/eslint-config-next'
1800 silly reify ]
1801 silly reify mark retired [
1801 silly reify   '/Users/suraj/Desktop/Project/persnol/portfolio/node_modules/eslint-import-resolver-typescript'
1801 silly reify ]
1802 silly reify mark retired [
1802 silly reify   '/Users/suraj/Desktop/Project/persnol/portfolio/node_modules/eslint-module-utils'
1802 silly reify ]
1803 silly reify mark retired [
1803 silly reify   '/Users/suraj/Desktop/Project/persnol/portfolio/node_modules/eslint-plugin-import'
1803 silly reify ]
1804 silly reify mark retired [
1804 silly reify   '/Users/suraj/Desktop/Project/persnol/portfolio/node_modules/eslint-plugin-jsx-a11y'
1804 silly reify ]
1805 silly reify mark retired [
1805 silly reify   '/Users/suraj/Desktop/Project/persnol/portfolio/node_modules/eslint-plugin-react'
1805 silly reify ]
1806 silly reify mark retired [
1806 silly reify   '/Users/suraj/Desktop/Project/persnol/portfolio/node_modules/eslint-plugin-react-hooks'
1806 silly reify ]
1807 silly reify mark retired [
1807 silly reify   '/Users/suraj/Desktop/Project/persnol/portfolio/node_modules/eslint-scope'
1807 silly reify ]
1808 silly reify mark retired [
1808 silly reify   '/Users/suraj/Desktop/Project/persnol/portfolio/node_modules/espree'
1808 silly reify ]
1809 silly reify mark retired [
1809 silly reify   '/Users/suraj/Desktop/Project/persnol/portfolio/node_modules/esquery'
1809 silly reify ]
1810 silly reify mark retired [
1810 silly reify   '/Users/suraj/Desktop/Project/persnol/portfolio/node_modules/file-entry-cache'
1810 silly reify ]
1811 silly reify mark retired [
1811 silly reify   '/Users/suraj/Desktop/Project/persnol/portfolio/node_modules/flat-cache'
1811 silly reify ]
1812 silly reify mark retired [
1812 silly reify   '/Users/suraj/Desktop/Project/persnol/portfolio/node_modules/flatted'
1812 silly reify ]
1813 silly reify mark retired [
1813 silly reify   '/Users/suraj/Desktop/Project/persnol/portfolio/node_modules/for-each'
1813 silly reify ]
1814 silly reify mark retired [
1814 silly reify   '/Users/suraj/Desktop/Project/persnol/portfolio/node_modules/fs.realpath'
1814 silly reify ]
1815 silly reify mark retired [
1815 silly reify   '/Users/suraj/Desktop/Project/persnol/portfolio/node_modules/function.prototype.name'
1815 silly reify ]
1816 silly reify mark retired [
1816 silly reify   '/Users/suraj/Desktop/Project/persnol/portfolio/node_modules/get-intrinsic'
1816 silly reify ]
1817 silly reify mark retired [
1817 silly reify   '/Users/suraj/Desktop/Project/persnol/portfolio/node_modules/get-symbol-description'
1817 silly reify ]
1818 silly reify mark retired [
1818 silly reify   '/Users/suraj/Desktop/Project/persnol/portfolio/node_modules/get-tsconfig'
1818 silly reify ]
1819 silly reify mark retired [
1819 silly reify   '/Users/suraj/Desktop/Project/persnol/portfolio/node_modules/globals'
1819 silly reify ]
1820 silly reify mark retired [
1820 silly reify   '/Users/suraj/Desktop/Project/persnol/portfolio/node_modules/globby'
1820 silly reify ]
1821 silly reify mark retired [ '/Users/suraj/Desktop/Project/persnol/portfolio/node_modules/gopd' ]
1822 silly reify mark retired [
1822 silly reify   '/Users/suraj/Desktop/Project/persnol/portfolio/node_modules/graceful-fs'
1822 silly reify ]
1823 silly reify mark retired [
1823 silly reify   '/Users/suraj/Desktop/Project/persnol/portfolio/node_modules/graphemer'
1823 silly reify ]
1824 silly reify mark retired [
1824 silly reify   '/Users/suraj/Desktop/Project/persnol/portfolio/node_modules/has-flag'
1824 silly reify ]
1825 silly reify mark retired [
1825 silly reify   '/Users/suraj/Desktop/Project/persnol/portfolio/node_modules/has-proto'
1825 silly reify ]
1826 silly reify mark retired [
1826 silly reify   '/Users/suraj/Desktop/Project/persnol/portfolio/node_modules/has-symbols'
1826 silly reify ]
1827 silly reify mark retired [
1827 silly reify   '/Users/suraj/Desktop/Project/persnol/portfolio/node_modules/hasown'
1827 silly reify ]
1828 silly reify mark retired [
1828 silly reify   '/Users/suraj/Desktop/Project/persnol/portfolio/node_modules/import-fresh'
1828 silly reify ]
1829 silly reify mark retired [
1829 silly reify   '/Users/suraj/Desktop/Project/persnol/portfolio/node_modules/inflight'
1829 silly reify ]
1830 silly reify mark retired [
1830 silly reify   '/Users/suraj/Desktop/Project/persnol/portfolio/node_modules/inherits'
1830 silly reify ]
1831 silly reify mark retired [
1831 silly reify   '/Users/suraj/Desktop/Project/persnol/portfolio/node_modules/internal-slot'
1831 silly reify ]
1832 silly reify mark retired [
1832 silly reify   '/Users/suraj/Desktop/Project/persnol/portfolio/node_modules/is-arguments'
1832 silly reify ]
1833 silly reify mark retired [
1833 silly reify   '/Users/suraj/Desktop/Project/persnol/portfolio/node_modules/is-array-buffer'
1833 silly reify ]
1834 silly reify mark retired [
1834 silly reify   '/Users/suraj/Desktop/Project/persnol/portfolio/node_modules/is-async-function'
1834 silly reify ]
1835 silly reify mark retired [
1835 silly reify   '/Users/suraj/Desktop/Project/persnol/portfolio/node_modules/is-bigint'
1835 silly reify ]
1836 silly reify mark retired [
1836 silly reify   '/Users/suraj/Desktop/Project/persnol/portfolio/node_modules/is-boolean-object'
1836 silly reify ]
1837 silly reify mark retired [
1837 silly reify   '/Users/suraj/Desktop/Project/persnol/portfolio/node_modules/is-bun-module'
1837 silly reify ]
1838 silly reify mark retired [
1838 silly reify   '/Users/suraj/Desktop/Project/persnol/portfolio/node_modules/is-core-module'
1838 silly reify ]
1839 silly reify mark retired [
1839 silly reify   '/Users/suraj/Desktop/Project/persnol/portfolio/node_modules/is-data-view'
1839 silly reify ]
1840 silly reify mark retired [
1840 silly reify   '/Users/suraj/Desktop/Project/persnol/portfolio/node_modules/is-date-object'
1840 silly reify ]
1841 silly reify mark retired [
1841 silly reify   '/Users/suraj/Desktop/Project/persnol/portfolio/node_modules/is-finalizationregistry'
1841 silly reify ]
1842 silly reify mark retired [
1842 silly reify   '/Users/suraj/Desktop/Project/persnol/portfolio/node_modules/is-generator-function'
1842 silly reify ]
1843 silly reify mark retired [
1843 silly reify   '/Users/suraj/Desktop/Project/persnol/portfolio/node_modules/is-number-object'
1843 silly reify ]
1844 silly reify mark retired [
1844 silly reify   '/Users/suraj/Desktop/Project/persnol/portfolio/node_modules/is-path-inside'
1844 silly reify ]
1845 silly reify mark retired [
1845 silly reify   '/Users/suraj/Desktop/Project/persnol/portfolio/node_modules/is-regex'
1845 silly reify ]
1846 silly reify mark retired [
1846 silly reify   '/Users/suraj/Desktop/Project/persnol/portfolio/node_modules/is-shared-array-buffer'
1846 silly reify ]
1847 silly reify mark retired [
1847 silly reify   '/Users/suraj/Desktop/Project/persnol/portfolio/node_modules/is-string'
1847 silly reify ]
1848 silly reify mark retired [
1848 silly reify   '/Users/suraj/Desktop/Project/persnol/portfolio/node_modules/is-symbol'
1848 silly reify ]
1849 silly reify mark retired [
1849 silly reify   '/Users/suraj/Desktop/Project/persnol/portfolio/node_modules/is-typed-array'
1849 silly reify ]
1850 silly reify mark retired [
1850 silly reify   '/Users/suraj/Desktop/Project/persnol/portfolio/node_modules/is-weakref'
1850 silly reify ]
1851 silly reify mark retired [
1851 silly reify   '/Users/suraj/Desktop/Project/persnol/portfolio/node_modules/is-weakset'
1851 silly reify ]
1852 silly reify mark retired [
1852 silly reify   '/Users/suraj/Desktop/Project/persnol/portfolio/node_modules/iterator.prototype'
1852 silly reify ]
1853 silly reify mark retired [
1853 silly reify   '/Users/suraj/Desktop/Project/persnol/portfolio/node_modules/js-yaml',
1853 silly reify   '/Users/suraj/Desktop/Project/persnol/portfolio/node_modules/.bin/js-yaml'
1853 silly reify ]
1854 silly reify mark retired [
1854 silly reify   '/Users/suraj/Desktop/Project/persnol/portfolio/node_modules/json5',
1854 silly reify   '/Users/suraj/Desktop/Project/persnol/portfolio/node_modules/.bin/json5'
1854 silly reify ]
1855 silly reify mark retired [
1855 silly reify   '/Users/suraj/Desktop/Project/persnol/portfolio/node_modules/lodash.merge'
1855 silly reify ]
1856 silly reify mark retired [
1856 silly reify   '/Users/suraj/Desktop/Project/persnol/portfolio/node_modules/minimatch'
1856 silly reify ]
1857 silly reify mark retired [
1857 silly reify   '/Users/suraj/Desktop/Project/persnol/portfolio/node_modules/nanoid',
1857 silly reify   '/Users/suraj/Desktop/Project/persnol/portfolio/node_modules/.bin/nanoid'
1857 silly reify ]
1858 silly reify mark retired [
1858 silly reify   '/Users/suraj/Desktop/Project/persnol/portfolio/node_modules/next',
1858 silly reify   '/Users/suraj/Desktop/Project/persnol/portfolio/node_modules/.bin/next'
1858 silly reify ]
1859 silly reify mark retired [
1859 silly reify   '/Users/suraj/Desktop/Project/persnol/portfolio/node_modules/object-inspect'
1859 silly reify ]
1860 silly reify mark retired [
1860 silly reify   '/Users/suraj/Desktop/Project/persnol/portfolio/node_modules/object-is'
1860 silly reify ]
1861 silly reify mark retired [
1861 silly reify   '/Users/suraj/Desktop/Project/persnol/portfolio/node_modules/object.assign'
1861 silly reify ]
1862 silly reify mark retired [
1862 silly reify   '/Users/suraj/Desktop/Project/persnol/portfolio/node_modules/object.entries'
1862 silly reify ]
1863 silly reify mark retired [
1863 silly reify   '/Users/suraj/Desktop/Project/persnol/portfolio/node_modules/object.values'
1863 silly reify ]
1864 silly reify mark retired [ '/Users/suraj/Desktop/Project/persnol/portfolio/node_modules/once' ]
1865 silly reify mark retired [
1865 silly reify   '/Users/suraj/Desktop/Project/persnol/portfolio/node_modules/parent-module'
1865 silly reify ]
1866 silly reify mark retired [
1866 silly reify   '/Users/suraj/Desktop/Project/persnol/portfolio/node_modules/path-is-absolute'
1866 silly reify ]
1867 silly reify mark retired [
1867 silly reify   '/Users/suraj/Desktop/Project/persnol/portfolio/node_modules/path-type'
1867 silly reify ]
1868 silly reify mark retired [
1868 silly reify   '/Users/suraj/Desktop/Project/persnol/portfolio/node_modules/picocolors'
1868 silly reify ]
1869 silly reify mark retired [
1869 silly reify   '/Users/suraj/Desktop/Project/persnol/portfolio/node_modules/possible-typed-array-names'
1869 silly reify ]
1870 silly reify mark retired [
1870 silly reify   '/Users/suraj/Desktop/Project/persnol/portfolio/node_modules/postcss'
1870 silly reify ]
1871 silly reify mark retired [
1871 silly reify   '/Users/suraj/Desktop/Project/persnol/portfolio/node_modules/reflect.getprototypeof'
1871 silly reify ]
1872 silly reify mark retired [
1872 silly reify   '/Users/suraj/Desktop/Project/persnol/portfolio/node_modules/regexp.prototype.flags'
1872 silly reify ]
1873 silly reify mark retired [
1873 silly reify   '/Users/suraj/Desktop/Project/persnol/portfolio/node_modules/resolve-from'
1873 silly reify ]
1874 silly reify mark retired [
1874 silly reify   '/Users/suraj/Desktop/Project/persnol/portfolio/node_modules/rimraf',
1874 silly reify   '/Users/suraj/Desktop/Project/persnol/portfolio/node_modules/.bin/rimraf'
1874 silly reify ]
1875 silly reify mark retired [
1875 silly reify   '/Users/suraj/Desktop/Project/persnol/portfolio/node_modules/safe-array-concat'
1875 silly reify ]
1876 silly reify mark retired [
1876 silly reify   '/Users/suraj/Desktop/Project/persnol/portfolio/node_modules/safe-regex-test'
1876 silly reify ]
1877 silly reify mark retired [
1877 silly reify   '/Users/suraj/Desktop/Project/persnol/portfolio/node_modules/semver',
1877 silly reify   '/Users/suraj/Desktop/Project/persnol/portfolio/node_modules/.bin/semver'
1877 silly reify ]
1878 silly reify mark retired [
1878 silly reify   '/Users/suraj/Desktop/Project/persnol/portfolio/node_modules/side-channel'
1878 silly reify ]
1879 silly reify mark retired [ '/Users/suraj/Desktop/Project/persnol/portfolio/node_modules/slash' ]
1880 silly reify mark retired [
1880 silly reify   '/Users/suraj/Desktop/Project/persnol/portfolio/node_modules/source-map-js'
1880 silly reify ]
1881 silly reify mark retired [
1881 silly reify   '/Users/suraj/Desktop/Project/persnol/portfolio/node_modules/stop-iteration-iterator'
1881 silly reify ]
1882 silly reify mark retired [
1882 silly reify   '/Users/suraj/Desktop/Project/persnol/portfolio/node_modules/streamsearch'
1882 silly reify ]
1883 silly reify mark retired [
1883 silly reify   '/Users/suraj/Desktop/Project/persnol/portfolio/node_modules/string.prototype.includes'
1883 silly reify ]
1884 silly reify mark retired [
1884 silly reify   '/Users/suraj/Desktop/Project/persnol/portfolio/node_modules/string.prototype.matchall'
1884 silly reify ]
1885 silly reify mark retired [
1885 silly reify   '/Users/suraj/Desktop/Project/persnol/portfolio/node_modules/string.prototype.trim'
1885 silly reify ]
1886 silly reify mark retired [
1886 silly reify   '/Users/suraj/Desktop/Project/persnol/portfolio/node_modules/string.prototype.trimend'
1886 silly reify ]
1887 silly reify mark retired [
1887 silly reify   '/Users/suraj/Desktop/Project/persnol/portfolio/node_modules/strip-json-comments'
1887 silly reify ]
1888 silly reify mark retired [
1888 silly reify   '/Users/suraj/Desktop/Project/persnol/portfolio/node_modules/styled-jsx'
1888 silly reify ]
1889 silly reify mark retired [
1889 silly reify   '/Users/suraj/Desktop/Project/persnol/portfolio/node_modules/supports-color'
1889 silly reify ]
1890 silly reify mark retired [
1890 silly reify   '/Users/suraj/Desktop/Project/persnol/portfolio/node_modules/tapable'
1890 silly reify ]
1891 silly reify mark retired [
1891 silly reify   '/Users/suraj/Desktop/Project/persnol/portfolio/node_modules/text-table'
1891 silly reify ]
1892 silly reify mark retired [
1892 silly reify   '/Users/suraj/Desktop/Project/persnol/portfolio/node_modules/ts-api-utils'
1892 silly reify ]
1893 silly reify mark retired [ '/Users/suraj/Desktop/Project/persnol/portfolio/node_modules/tslib' ]
1894 silly reify mark retired [
1894 silly reify   '/Users/suraj/Desktop/Project/persnol/portfolio/node_modules/type-fest'
1894 silly reify ]
1895 silly reify mark retired [
1895 silly reify   '/Users/suraj/Desktop/Project/persnol/portfolio/node_modules/typed-array-buffer'
1895 silly reify ]
1896 silly reify mark retired [
1896 silly reify   '/Users/suraj/Desktop/Project/persnol/portfolio/node_modules/typed-array-byte-length'
1896 silly reify ]
1897 silly reify mark retired [
1897 silly reify   '/Users/suraj/Desktop/Project/persnol/portfolio/node_modules/typed-array-byte-offset'
1897 silly reify ]
1898 silly reify mark retired [
1898 silly reify   '/Users/suraj/Desktop/Project/persnol/portfolio/node_modules/typed-array-length'
1898 silly reify ]
1899 silly reify mark retired [
1899 silly reify   '/Users/suraj/Desktop/Project/persnol/portfolio/node_modules/unbox-primitive'
1899 silly reify ]
1900 silly reify mark retired [
1900 silly reify   '/Users/suraj/Desktop/Project/persnol/portfolio/node_modules/which-boxed-primitive'
1900 silly reify ]
1901 silly reify mark retired [
1901 silly reify   '/Users/suraj/Desktop/Project/persnol/portfolio/node_modules/which-builtin-type'
1901 silly reify ]
1902 silly reify mark retired [
1902 silly reify   '/Users/suraj/Desktop/Project/persnol/portfolio/node_modules/which-typed-array'
1902 silly reify ]
1903 silly reify mark retired [
1903 silly reify   '/Users/suraj/Desktop/Project/persnol/portfolio/node_modules/wrappy'
1903 silly reify ]
1904 silly reify moves {
1904 silly reify   '/Users/suraj/Desktop/Project/persnol/portfolio/node_modules/@eslint-community/eslint-utils': '/Users/suraj/Desktop/Project/persnol/portfolio/node_modules/@eslint-community/.eslint-utils-Mdlwvbv3',
1904 silly reify   '/Users/suraj/Desktop/Project/persnol/portfolio/node_modules/@eslint-community/regexpp': '/Users/suraj/Desktop/Project/persnol/portfolio/node_modules/@eslint-community/.regexpp-ksmQkRFb',
1904 silly reify   '/Users/suraj/Desktop/Project/persnol/portfolio/node_modules/@eslint/eslintrc': '/Users/suraj/Desktop/Project/persnol/portfolio/node_modules/@eslint/.eslintrc-RmVL6TNq',
1904 silly reify   '/Users/suraj/Desktop/Project/persnol/portfolio/node_modules/@eslint/js': '/Users/suraj/Desktop/Project/persnol/portfolio/node_modules/@eslint/.js-oAjWOBjJ',
1904 silly reify   '/Users/suraj/Desktop/Project/persnol/portfolio/node_modules/@humanwhocodes/config-array': '/Users/suraj/Desktop/Project/persnol/portfolio/node_modules/@humanwhocodes/.config-array-qYG46haH',
1904 silly reify   '/Users/suraj/Desktop/Project/persnol/portfolio/node_modules/@humanwhocodes/object-schema': '/Users/suraj/Desktop/Project/persnol/portfolio/node_modules/@humanwhocodes/.object-schema-0O73cfaw',
1904 silly reify   '/Users/suraj/Desktop/Project/persnol/portfolio/node_modules/@jridgewell/gen-mapping': '/Users/suraj/Desktop/Project/persnol/portfolio/node_modules/@jridgewell/.gen-mapping-dqVjwbxQ',
1904 silly reify   '/Users/suraj/Desktop/Project/persnol/portfolio/node_modules/@jridgewell/set-array': '/Users/suraj/Desktop/Project/persnol/portfolio/node_modules/@jridgewell/.set-array-kKV2Ryei',
1904 silly reify   '/Users/suraj/Desktop/Project/persnol/portfolio/node_modules/@jridgewell/trace-mapping': '/Users/suraj/Desktop/Project/persnol/portfolio/node_modules/@jridgewell/.trace-mapping-GTd4q4TI',
1904 silly reify   '/Users/suraj/Desktop/Project/persnol/portfolio/node_modules/@next/env': '/Users/suraj/Desktop/Project/persnol/portfolio/node_modules/@next/.env-FLLQW0C8',
1904 silly reify   '/Users/suraj/Desktop/Project/persnol/portfolio/node_modules/@next/eslint-plugin-next': '/Users/suraj/Desktop/Project/persnol/portfolio/node_modules/@next/.eslint-plugin-next-7nD32UsX',
1904 silly reify   '/Users/suraj/Desktop/Project/persnol/portfolio/node_modules/@next/swc-darwin-arm64': '/Users/suraj/Desktop/Project/persnol/portfolio/node_modules/@next/.swc-darwin-arm64-irVw7cDc',
1904 silly reify   '/Users/suraj/Desktop/Project/persnol/portfolio/node_modules/@rushstack/eslint-patch': '/Users/suraj/Desktop/Project/persnol/portfolio/node_modules/@rushstack/.eslint-patch-OwgcS52b',
1904 silly reify   '/Users/suraj/Desktop/Project/persnol/portfolio/node_modules/@swc/counter': '/Users/suraj/Desktop/Project/persnol/portfolio/node_modules/@swc/.counter-0J2cprp3',
1904 silly reify   '/Users/suraj/Desktop/Project/persnol/portfolio/node_modules/@swc/helpers': '/Users/suraj/Desktop/Project/persnol/portfolio/node_modules/@swc/.helpers-9wy3WwXg',
1904 silly reify   '/Users/suraj/Desktop/Project/persnol/portfolio/node_modules/@types/semver': '/Users/suraj/Desktop/Project/persnol/portfolio/node_modules/@types/.semver-hPmuM4An',
1904 silly reify   '/Users/suraj/Desktop/Project/persnol/portfolio/node_modules/@typescript-eslint/eslint-plugin': '/Users/suraj/Desktop/Project/persnol/portfolio/node_modules/@typescript-eslint/.eslint-plugin-cwRzP6Pr',
1904 silly reify   '/Users/suraj/Desktop/Project/persnol/portfolio/node_modules/@typescript-eslint/parser': '/Users/suraj/Desktop/Project/persnol/portfolio/node_modules/@typescript-eslint/.parser-Df9awe5m',
1904 silly reify   '/Users/suraj/Desktop/Project/persnol/portfolio/node_modules/@typescript-eslint/scope-manager': '/Users/suraj/Desktop/Project/persnol/portfolio/node_modules/@typescript-eslint/.scope-manager-6RVT0KKo',
1904 silly reify   '/Users/suraj/Desktop/Project/persnol/portfolio/node_modules/@typescript-eslint/type-utils': '/Users/suraj/Desktop/Project/persnol/portfolio/node_modules/@typescript-eslint/.type-utils-78T2ixMT',
1904 silly reify   '/Users/suraj/Desktop/Project/persnol/portfolio/node_modules/@typescript-eslint/types': '/Users/suraj/Desktop/Project/persnol/portfolio/node_modules/@typescript-eslint/.types-XVRrd3Yl',
1904 silly reify   '/Users/suraj/Desktop/Project/persnol/portfolio/node_modules/@typescript-eslint/typescript-estree': '/Users/suraj/Desktop/Project/persnol/portfolio/node_modules/@typescript-eslint/.typescript-estree-1f9EFLbw',
1904 silly reify   '/Users/suraj/Desktop/Project/persnol/portfolio/node_modules/@typescript-eslint/utils': '/Users/suraj/Desktop/Project/persnol/portfolio/node_modules/@typescript-eslint/.utils-8YSRpLka',
1904 silly reify   '/Users/suraj/Desktop/Project/persnol/portfolio/node_modules/@typescript-eslint/visitor-keys': '/Users/suraj/Desktop/Project/persnol/portfolio/node_modules/@typescript-eslint/.visitor-keys-C938WON1',
1904 silly reify   '/Users/suraj/Desktop/Project/persnol/portfolio/node_modules/acorn': '/Users/suraj/Desktop/Project/persnol/portfolio/node_modules/.acorn-lx3w2jYF',
1904 silly reify   '/Users/suraj/Desktop/Project/persnol/portfolio/node_modules/.bin/acorn': '/Users/suraj/Desktop/Project/persnol/portfolio/node_modules/.bin/.acorn-FfGazGqD',
1904 silly reify   '/Users/suraj/Desktop/Project/persnol/portfolio/node_modules/ajv': '/Users/suraj/Desktop/Project/persnol/portfolio/node_modules/.ajv-yttaly6F',
1904 silly reify   '/Users/suraj/Desktop/Project/persnol/portfolio/node_modules/argparse': '/Users/suraj/Desktop/Project/persnol/portfolio/node_modules/.argparse-USDRewge',
1904 silly reify   '/Users/suraj/Desktop/Project/persnol/portfolio/node_modules/aria-query': '/Users/suraj/Desktop/Project/persnol/portfolio/node_modules/.aria-query-WuTE2IX9',
1904 silly reify   '/Users/suraj/Desktop/Project/persnol/portfolio/node_modules/array-buffer-byte-length': '/Users/suraj/Desktop/Project/persnol/portfolio/node_modules/.array-buffer-byte-length-foJV3S9u',
1904 silly reify   '/Users/suraj/Desktop/Project/persnol/portfolio/node_modules/array-includes': '/Users/suraj/Desktop/Project/persnol/portfolio/node_modules/.array-includes-wF47SfMq',
1904 silly reify   '/Users/suraj/Desktop/Project/persnol/portfolio/node_modules/array-union': '/Users/suraj/Desktop/Project/persnol/portfolio/node_modules/.array-union-crxD707X',
1904 silly reify   '/Users/suraj/Desktop/Project/persnol/portfolio/node_modules/array.prototype.findlastindex': '/Users/suraj/Desktop/Project/persnol/portfolio/node_modules/.array.prototype.findlastindex-yJtDzUka',
1904 silly reify   '/Users/suraj/Desktop/Project/persnol/portfolio/node_modules/array.prototype.flat': '/Users/suraj/Desktop/Project/persnol/portfolio/node_modules/.array.prototype.flat-uKEyUqnl',
1904 silly reify   '/Users/suraj/Desktop/Project/persnol/portfolio/node_modules/array.prototype.flatmap': '/Users/suraj/Desktop/Project/persnol/portfolio/node_modules/.array.prototype.flatmap-KXvPXnNn',
1904 silly reify   '/Users/suraj/Desktop/Project/persnol/portfolio/node_modules/arraybuffer.prototype.slice': '/Users/suraj/Desktop/Project/persnol/portfolio/node_modules/.arraybuffer.prototype.slice-v1Z4neML',
1904 silly reify   '/Users/suraj/Desktop/Project/persnol/portfolio/node_modules/axe-core': '/Users/suraj/Desktop/Project/persnol/portfolio/node_modules/.axe-core-JBkYDHPF',
1904 silly reify   '/Users/suraj/Desktop/Project/persnol/portfolio/node_modules/brace-expansion': '/Users/suraj/Desktop/Project/persnol/portfolio/node_modules/.brace-expansion-zj6OOf8e',
1904 silly reify   '/Users/suraj/Desktop/Project/persnol/portfolio/node_modules/busboy': '/Users/suraj/Desktop/Project/persnol/portfolio/node_modules/.busboy-GPwlMcQj',
1904 silly reify   '/Users/suraj/Desktop/Project/persnol/portfolio/node_modules/call-bind': '/Users/suraj/Desktop/Project/persnol/portfolio/node_modules/.call-bind-p7rGSGgq',
1904 silly reify   '/Users/suraj/Desktop/Project/persnol/portfolio/node_modules/callsites': '/Users/suraj/Desktop/Project/persnol/portfolio/node_modules/.callsites-TObd91dX',
1904 silly reify   '/Users/suraj/Desktop/Project/persnol/portfolio/node_modules/caniuse-lite': '/Users/suraj/Desktop/Project/persnol/portfolio/node_modules/.caniuse-lite-iXWCWQUP',
1904 silly reify   '/Users/suraj/Desktop/Project/persnol/portfolio/node_modules/chalk': '/Users/suraj/Desktop/Project/persnol/portfolio/node_modules/.chalk-eUfVMYY2',
1904 silly reify   '/Users/suraj/Desktop/Project/persnol/portfolio/node_modules/cross-spawn': '/Users/suraj/Desktop/Project/persnol/portfolio/node_modules/.cross-spawn-VDCXk24A',
1904 silly reify   '/Users/suraj/Desktop/Project/persnol/portfolio/node_modules/data-view-buffer': '/Users/suraj/Desktop/Project/persnol/portfolio/node_modules/.data-view-buffer-vYvckNUn',
1904 silly reify   '/Users/suraj/Desktop/Project/persnol/portfolio/node_modules/data-view-byte-length': '/Users/suraj/Desktop/Project/persnol/portfolio/node_modules/.data-view-byte-length-CL8LlecH',
1904 silly reify   '/Users/suraj/Desktop/Project/persnol/portfolio/node_modules/data-view-byte-offset': '/Users/suraj/Desktop/Project/persnol/portfolio/node_modules/.data-view-byte-offset-ED9DfXyT',
1904 silly reify   '/Users/suraj/Desktop/Project/persnol/portfolio/node_modules/deep-equal': '/Users/suraj/Desktop/Project/persnol/portfolio/node_modules/.deep-equal-pARsudmW',
1904 silly reify   '/Users/suraj/Desktop/Project/persnol/portfolio/node_modules/dir-glob': '/Users/suraj/Desktop/Project/persnol/portfolio/node_modules/.dir-glob-Unw2JpUX',
1904 silly reify   '/Users/suraj/Desktop/Project/persnol/portfolio/node_modules/doctrine': '/Users/suraj/Desktop/Project/persnol/portfolio/node_modules/.doctrine-ft0xbv3t',
1904 silly reify   '/Users/suraj/Desktop/Project/persnol/portfolio/node_modules/enhanced-resolve': '/Users/suraj/Desktop/Project/persnol/portfolio/node_modules/.enhanced-resolve-8T4S2mXJ',
1904 silly reify   '/Users/suraj/Desktop/Project/persnol/portfolio/node_modules/es-abstract': '/Users/suraj/Desktop/Project/persnol/portfolio/node_modules/.es-abstract-PmU0p4Mn',
1904 silly reify   '/Users/suraj/Desktop/Project/persnol/portfolio/node_modules/es-define-property': '/Users/suraj/Desktop/Project/persnol/portfolio/node_modules/.es-define-property-ssIbKFJ3',
1904 silly reify   '/Users/suraj/Desktop/Project/persnol/portfolio/node_modules/es-get-iterator': '/Users/suraj/Desktop/Project/persnol/portfolio/node_modules/.es-get-iterator-ocRWFzgW',
1904 silly reify   '/Users/suraj/Desktop/Project/persnol/portfolio/node_modules/es-iterator-helpers': '/Users/suraj/Desktop/Project/persnol/portfolio/node_modules/.es-iterator-helpers-QxJQBLtR',
1904 silly reify   '/Users/suraj/Desktop/Project/persnol/portfolio/node_modules/es-object-atoms': '/Users/suraj/Desktop/Project/persnol/portfolio/node_modules/.es-object-atoms-7wwSXxtx',
1904 silly reify   '/Users/suraj/Desktop/Project/persnol/portfolio/node_modules/es-set-tostringtag': '/Users/suraj/Desktop/Project/persnol/portfolio/node_modules/.es-set-tostringtag-rd3JTytE',
1904 silly reify   '/Users/suraj/Desktop/Project/persnol/portfolio/node_modules/es-shim-unscopables': '/Users/suraj/Desktop/Project/persnol/portfolio/node_modules/.es-shim-unscopables-l6Trwfeo',
1904 silly reify   '/Users/suraj/Desktop/Project/persnol/portfolio/node_modules/es-to-primitive': '/Users/suraj/Desktop/Project/persnol/portfolio/node_modules/.es-to-primitive-oAXTawGE',
1904 silly reify   '/Users/suraj/Desktop/Project/persnol/portfolio/node_modules/eslint': '/Users/suraj/Desktop/Project/persnol/portfolio/node_modules/.eslint-jFhAtiHQ',
1904 silly reify   '/Users/suraj/Desktop/Project/persnol/portfolio/node_modules/.bin/eslint': '/Users/suraj/Desktop/Project/persnol/portfolio/node_modules/.bin/.eslint-2Kza1VaE',
1904 silly reify   '/Users/suraj/Desktop/Project/persnol/portfolio/node_modules/eslint-config-next': '/Users/suraj/Desktop/Project/persnol/portfolio/node_modules/.eslint-config-next-niVvMYX2',
1904 silly reify   '/Users/suraj/Desktop/Project/persnol/portfolio/node_modules/eslint-import-resolver-typescript': '/Users/suraj/Desktop/Project/persnol/portfolio/node_modules/.eslint-import-resolver-typescript-6RzTlKAP',
1904 silly reify   '/Users/suraj/Desktop/Project/persnol/portfolio/node_modules/eslint-module-utils': '/Users/suraj/Desktop/Project/persnol/portfolio/node_modules/.eslint-module-utils-uk4A2RaK',
1904 silly reify   '/Users/suraj/Desktop/Project/persnol/portfolio/node_modules/eslint-plugin-import': '/Users/suraj/Desktop/Project/persnol/portfolio/node_modules/.eslint-plugin-import-fQ6MxUU7',
1904 silly reify   '/Users/suraj/Desktop/Project/persnol/portfolio/node_modules/eslint-plugin-jsx-a11y': '/Users/suraj/Desktop/Project/persnol/portfolio/node_modules/.eslint-plugin-jsx-a11y-bSoh2wPE',
1904 silly reify   '/Users/suraj/Desktop/Project/persnol/portfolio/node_modules/eslint-plugin-react': '/Users/suraj/Desktop/Project/persnol/portfolio/node_modules/.eslint-plugin-react-uh0NFAJl',
1904 silly reify   '/Users/suraj/Desktop/Project/persnol/portfolio/node_modules/eslint-plugin-react-hooks': '/Users/suraj/Desktop/Project/persnol/portfolio/node_modules/.eslint-plugin-react-hooks-XGplNAt3',
1904 silly reify   '/Users/suraj/Desktop/Project/persnol/portfolio/node_modules/eslint-scope': '/Users/suraj/Desktop/Project/persnol/portfolio/node_modules/.eslint-scope-sm0LJdlj',
1904 silly reify   '/Users/suraj/Desktop/Project/persnol/portfolio/node_modules/espree': '/Users/suraj/Desktop/Project/persnol/portfolio/node_modules/.espree-EdGR787j',
1904 silly reify   '/Users/suraj/Desktop/Project/persnol/portfolio/node_modules/esquery': '/Users/suraj/Desktop/Project/persnol/portfolio/node_modules/.esquery-HMGpINPO',
1904 silly reify   '/Users/suraj/Desktop/Project/persnol/portfolio/node_modules/file-entry-cache': '/Users/suraj/Desktop/Project/persnol/portfolio/node_modules/.file-entry-cache-WcivQK7J',
1904 silly reify   '/Users/suraj/Desktop/Project/persnol/portfolio/node_modules/flat-cache': '/Users/suraj/Desktop/Project/persnol/portfolio/node_modules/.flat-cache-696NWfjh',
1904 silly reify   '/Users/suraj/Desktop/Project/persnol/portfolio/node_modules/flatted': '/Users/suraj/Desktop/Project/persnol/portfolio/node_modules/.flatted-ok2o4fmn',
1904 silly reify   '/Users/suraj/Desktop/Project/persnol/portfolio/node_modules/for-each': '/Users/suraj/Desktop/Project/persnol/portfolio/node_modules/.for-each-1PuGMZxP',
1904 silly reify   '/Users/suraj/Desktop/Project/persnol/portfolio/node_modules/fs.realpath': '/Users/suraj/Desktop/Project/persnol/portfolio/node_modules/.fs.realpath-agUT4j89',
1904 silly reify   '/Users/suraj/Desktop/Project/persnol/portfolio/node_modules/function.prototype.name': '/Users/suraj/Desktop/Project/persnol/portfolio/node_modules/.function.prototype.name-YUdbQ3oc',
1904 silly reify   '/Users/suraj/Desktop/Project/persnol/portfolio/node_modules/get-intrinsic': '/Users/suraj/Desktop/Project/persnol/portfolio/node_modules/.get-intrinsic-LgtWE14z',
1904 silly reify   '/Users/suraj/Desktop/Project/persnol/portfolio/node_modules/get-symbol-description': '/Users/suraj/Desktop/Project/persnol/portfolio/node_modules/.get-symbol-description-u2T8tWDx',
1904 silly reify   '/Users/suraj/Desktop/Project/persnol/portfolio/node_modules/get-tsconfig': '/Users/suraj/Desktop/Project/persnol/portfolio/node_modules/.get-tsconfig-ejq6drPX',
1904 silly reify   '/Users/suraj/Desktop/Project/persnol/portfolio/node_modules/globals': '/Users/suraj/Desktop/Project/persnol/portfolio/node_modules/.globals-EtPa6Jry',
1904 silly reify   '/Users/suraj/Desktop/Project/persnol/portfolio/node_modules/globby': '/Users/suraj/Desktop/Project/persnol/portfolio/node_modules/.globby-JBS65TI7',
1904 silly reify   '/Users/suraj/Desktop/Project/persnol/portfolio/node_modules/gopd': '/Users/suraj/Desktop/Project/persnol/portfolio/node_modules/.gopd-3n0ogULo',
1904 silly reify   '/Users/suraj/Desktop/Project/persnol/portfolio/node_modules/graceful-fs': '/Users/suraj/Desktop/Project/persnol/portfolio/node_modules/.graceful-fs-vKyNZ15B',
1904 silly reify   '/Users/suraj/Desktop/Project/persnol/portfolio/node_modules/graphemer': '/Users/suraj/Desktop/Project/persnol/portfolio/node_modules/.graphemer-eAtej7or',
1904 silly reify   '/Users/suraj/Desktop/Project/persnol/portfolio/node_modules/has-flag': '/Users/suraj/Desktop/Project/persnol/portfolio/node_modules/.has-flag-IULHoOJ4',
1904 silly reify   '/Users/suraj/Desktop/Project/persnol/portfolio/node_modules/has-proto': '/Users/suraj/Desktop/Project/persnol/portfolio/node_modules/.has-proto-tLJeWCNP',
1904 silly reify   '/Users/suraj/Desktop/Project/persnol/portfolio/node_modules/has-symbols': '/Users/suraj/Desktop/Project/persnol/portfolio/node_modules/.has-symbols-SHZHSWgr',
1904 silly reify   '/Users/suraj/Desktop/Project/persnol/portfolio/node_modules/hasown': '/Users/suraj/Desktop/Project/persnol/portfolio/node_modules/.hasown-FaPsTCjr',
1904 silly reify   '/Users/suraj/Desktop/Project/persnol/portfolio/node_modules/import-fresh': '/Users/suraj/Desktop/Project/persnol/portfolio/node_modules/.import-fresh-66qvvGKt',
1904 silly reify   '/Users/suraj/Desktop/Project/persnol/portfolio/node_modules/inflight': '/Users/suraj/Desktop/Project/persnol/portfolio/node_modules/.inflight-wGJxRxNb',
1904 silly reify   '/Users/suraj/Desktop/Project/persnol/portfolio/node_modules/inherits': '/Users/suraj/Desktop/Project/persnol/portfolio/node_modules/.inherits-eTaZKO1T',
1904 silly reify   '/Users/suraj/Desktop/Project/persnol/portfolio/node_modules/internal-slot': '/Users/suraj/Desktop/Project/persnol/portfolio/node_modules/.internal-slot-qIf5nsDM',
1904 silly reify   '/Users/suraj/Desktop/Project/persnol/portfolio/node_modules/is-arguments': '/Users/suraj/Desktop/Project/persnol/portfolio/node_modules/.is-arguments-ps9XuB2a',
1904 silly reify   '/Users/suraj/Desktop/Project/persnol/portfolio/node_modules/is-array-buffer': '/Users/suraj/Desktop/Project/persnol/portfolio/node_modules/.is-array-buffer-5tZjOP4j',
1904 silly reify   '/Users/suraj/Desktop/Project/persnol/portfolio/node_modules/is-async-function': '/Users/suraj/Desktop/Project/persnol/portfolio/node_modules/.is-async-function-xil0RS83',
1904 silly reify   '/Users/suraj/Desktop/Project/persnol/portfolio/node_modules/is-bigint': '/Users/suraj/Desktop/Project/persnol/portfolio/node_modules/.is-bigint-5S3AeB6t',
1904 silly reify   '/Users/suraj/Desktop/Project/persnol/portfolio/node_modules/is-boolean-object': '/Users/suraj/Desktop/Project/persnol/portfolio/node_modules/.is-boolean-object-rUiAae7f',
1904 silly reify   '/Users/suraj/Desktop/Project/persnol/portfolio/node_modules/is-bun-module': '/Users/suraj/Desktop/Project/persnol/portfolio/node_modules/.is-bun-module-eLKpuPbz',
1904 silly reify   '/Users/suraj/Desktop/Project/persnol/portfolio/node_modules/is-core-module': '/Users/suraj/Desktop/Project/persnol/portfolio/node_modules/.is-core-module-pozIIB3f',
1904 silly reify   '/Users/suraj/Desktop/Project/persnol/portfolio/node_modules/is-data-view': '/Users/suraj/Desktop/Project/persnol/portfolio/node_modules/.is-data-view-BHs60jWP',
1904 silly reify   '/Users/suraj/Desktop/Project/persnol/portfolio/node_modules/is-date-object': '/Users/suraj/Desktop/Project/persnol/portfolio/node_modules/.is-date-object-RwSMjmrF',
1904 silly reify   '/Users/suraj/Desktop/Project/persnol/portfolio/node_modules/is-finalizationregistry': '/Users/suraj/Desktop/Project/persnol/portfolio/node_modules/.is-finalizationregistry-8m8SWON7',
1904 silly reify   '/Users/suraj/Desktop/Project/persnol/portfolio/node_modules/is-generator-function': '/Users/suraj/Desktop/Project/persnol/portfolio/node_modules/.is-generator-function-kMPxQC69',
1904 silly reify   '/Users/suraj/Desktop/Project/persnol/portfolio/node_modules/is-number-object': '/Users/suraj/Desktop/Project/persnol/portfolio/node_modules/.is-number-object-OMeYN1KI',
1904 silly reify   '/Users/suraj/Desktop/Project/persnol/portfolio/node_modules/is-path-inside': '/Users/suraj/Desktop/Project/persnol/portfolio/node_modules/.is-path-inside-Jbu5DBA6',
1904 silly reify   '/Users/suraj/Desktop/Project/persnol/portfolio/node_modules/is-regex': '/Users/suraj/Desktop/Project/persnol/portfolio/node_modules/.is-regex-rZDUa5zm',
1904 silly reify   '/Users/suraj/Desktop/Project/persnol/portfolio/node_modules/is-shared-array-buffer': '/Users/suraj/Desktop/Project/persnol/portfolio/node_modules/.is-shared-array-buffer-QhQkuK5q',
1904 silly reify   '/Users/suraj/Desktop/Project/persnol/portfolio/node_modules/is-string': '/Users/suraj/Desktop/Project/persnol/portfolio/node_modules/.is-string-pmKXcsg9',
1904 silly reify   '/Users/suraj/Desktop/Project/persnol/portfolio/node_modules/is-symbol': '/Users/suraj/Desktop/Project/persnol/portfolio/node_modules/.is-symbol-egKAxX0T',
1904 silly reify   '/Users/suraj/Desktop/Project/persnol/portfolio/node_modules/is-typed-array': '/Users/suraj/Desktop/Project/persnol/portfolio/node_modules/.is-typed-array-nG9LZ8Qt',
1904 silly reify   '/Users/suraj/Desktop/Project/persnol/portfolio/node_modules/is-weakref': '/Users/suraj/Desktop/Project/persnol/portfolio/node_modules/.is-weakref-3Q9Qt2ED',
1904 silly reify   '/Users/suraj/Desktop/Project/persnol/portfolio/node_modules/is-weakset': '/Users/suraj/Desktop/Project/persnol/portfolio/node_modules/.is-weakset-JVIQEiaR',
1904 silly reify   '/Users/suraj/Desktop/Project/persnol/portfolio/node_modules/iterator.prototype': '/Users/suraj/Desktop/Project/persnol/portfolio/node_modules/.iterator.prototype-rVA7dx5p',
1904 silly reify   '/Users/suraj/Desktop/Project/persnol/portfolio/node_modules/js-yaml': '/Users/suraj/Desktop/Project/persnol/portfolio/node_modules/.js-yaml-7JwJem9K',
1904 silly reify   '/Users/suraj/Desktop/Project/persnol/portfolio/node_modules/.bin/js-yaml': '/Users/suraj/Desktop/Project/persnol/portfolio/node_modules/.bin/.js-yaml-4BEQD7lS',
1904 silly reify   '/Users/suraj/Desktop/Project/persnol/portfolio/node_modules/json5': '/Users/suraj/Desktop/Project/persnol/portfolio/node_modules/.json5-6i47kTgV',
1904 silly reify   '/Users/suraj/Desktop/Project/persnol/portfolio/node_modules/.bin/json5': '/Users/suraj/Desktop/Project/persnol/portfolio/node_modules/.bin/.json5-JdiBYIUw',
1904 silly reify   '/Users/suraj/Desktop/Project/persnol/portfolio/node_modules/lodash.merge': '/Users/suraj/Desktop/Project/persnol/portfolio/node_modules/.lodash.merge-SO6GZZ0n',
1904 silly reify   '/Users/suraj/Desktop/Project/persnol/portfolio/node_modules/minimatch': '/Users/suraj/Desktop/Project/persnol/portfolio/node_modules/.minimatch-9Jou4JEx',
1904 silly reify   '/Users/suraj/Desktop/Project/persnol/portfolio/node_modules/nanoid': '/Users/suraj/Desktop/Project/persnol/portfolio/node_modules/.nanoid-FCGdoP79',
1904 silly reify   '/Users/suraj/Desktop/Project/persnol/portfolio/node_modules/.bin/nanoid': '/Users/suraj/Desktop/Project/persnol/portfolio/node_modules/.bin/.nanoid-jz6e29FO',
1904 silly reify   '/Users/suraj/Desktop/Project/persnol/portfolio/node_modules/next': '/Users/suraj/Desktop/Project/persnol/portfolio/node_modules/.next-WNPWiiLg',
1904 silly reify   '/Users/suraj/Desktop/Project/persnol/portfolio/node_modules/.bin/next': '/Users/suraj/Desktop/Project/persnol/portfolio/node_modules/.bin/.next-lBsc34DD',
1904 silly reify   '/Users/suraj/Desktop/Project/persnol/portfolio/node_modules/object-inspect': '/Users/suraj/Desktop/Project/persnol/portfolio/node_modules/.object-inspect-Wi8TPSJQ',
1904 silly reify   '/Users/suraj/Desktop/Project/persnol/portfolio/node_modules/object-is': '/Users/suraj/Desktop/Project/persnol/portfolio/node_modules/.object-is-pn5ZhXjw',
1904 silly reify   '/Users/suraj/Desktop/Project/persnol/portfolio/node_modules/object.assign': '/Users/suraj/Desktop/Project/persnol/portfolio/node_modules/.object.assign-XKJkYQoG',
1904 silly reify   '/Users/suraj/Desktop/Project/persnol/portfolio/node_modules/object.entries': '/Users/suraj/Desktop/Project/persnol/portfolio/node_modules/.object.entries-wOQimfNo',
1904 silly reify   '/Users/suraj/Desktop/Project/persnol/portfolio/node_modules/object.values': '/Users/suraj/Desktop/Project/persnol/portfolio/node_modules/.object.values-XgZ9NdZY',
1904 silly reify   '/Users/suraj/Desktop/Project/persnol/portfolio/node_modules/once': '/Users/suraj/Desktop/Project/persnol/portfolio/node_modules/.once-N95kuafb',
1904 silly reify   '/Users/suraj/Desktop/Project/persnol/portfolio/node_modules/parent-module': '/Users/suraj/Desktop/Project/persnol/portfolio/node_modules/.parent-module-ClvLxxqE',
1904 silly reify   '/Users/suraj/Desktop/Project/persnol/portfolio/node_modules/path-is-absolute': '/Users/suraj/Desktop/Project/persnol/portfolio/node_modules/.path-is-absolute-Ln7Jihdk',
1904 silly reify   '/Users/suraj/Desktop/Project/persnol/portfolio/node_modules/path-type': '/Users/suraj/Desktop/Project/persnol/portfolio/node_modules/.path-type-SJXQGGUj',
1904 silly reify   '/Users/suraj/Desktop/Project/persnol/portfolio/node_modules/picocolors': '/Users/suraj/Desktop/Project/persnol/portfolio/node_modules/.picocolors-cvyaXMEp',
1904 silly reify   '/Users/suraj/Desktop/Project/persnol/portfolio/node_modules/possible-typed-array-names': '/Users/suraj/Desktop/Project/persnol/portfolio/node_modules/.possible-typed-array-names-JdX9bQOF',
1904 silly reify   '/Users/suraj/Desktop/Project/persnol/portfolio/node_modules/postcss': '/Users/suraj/Desktop/Project/persnol/portfolio/node_modules/.postcss-A4OfAoTo',
1904 silly reify   '/Users/suraj/Desktop/Project/persnol/portfolio/node_modules/reflect.getprototypeof': '/Users/suraj/Desktop/Project/persnol/portfolio/node_modules/.reflect.getprototypeof-fMprq8O4',
1904 silly reify   '/Users/suraj/Desktop/Project/persnol/portfolio/node_modules/regexp.prototype.flags': '/Users/suraj/Desktop/Project/persnol/portfolio/node_modules/.regexp.prototype.flags-kGTansYp',
1904 silly reify   '/Users/suraj/Desktop/Project/persnol/portfolio/node_modules/resolve-from': '/Users/suraj/Desktop/Project/persnol/portfolio/node_modules/.resolve-from-KhEJ5h0D',
1904 silly reify   '/Users/suraj/Desktop/Project/persnol/portfolio/node_modules/rimraf': '/Users/suraj/Desktop/Project/persnol/portfolio/node_modules/.rimraf-v001DGVi',
1904 silly reify   '/Users/suraj/Desktop/Project/persnol/portfolio/node_modules/.bin/rimraf': '/Users/suraj/Desktop/Project/persnol/portfolio/node_modules/.bin/.rimraf-M3veST8H',
1904 silly reify   '/Users/suraj/Desktop/Project/persnol/portfolio/node_modules/safe-array-concat': '/Users/suraj/Desktop/Project/persnol/portfolio/node_modules/.safe-array-concat-MwjvKStV',
1904 silly reify   '/Users/suraj/Desktop/Project/persnol/portfolio/node_modules/safe-regex-test': '/Users/suraj/Desktop/Project/persnol/portfolio/node_modules/.safe-regex-test-RwRCkvlT',
1904 silly reify   '/Users/suraj/Desktop/Project/persnol/portfolio/node_modules/semver': '/Users/suraj/Desktop/Project/persnol/portfolio/node_modules/.semver-l2kwFGIz',
1904 silly reify   '/Users/suraj/Desktop/Project/persnol/portfolio/node_modules/.bin/semver': '/Users/suraj/Desktop/Project/persnol/portfolio/node_modules/.bin/.semver-xsR4xh3B',
1904 silly reify   '/Users/suraj/Desktop/Project/persnol/portfolio/node_modules/side-channel': '/Users/suraj/Desktop/Project/persnol/portfolio/node_modules/.side-channel-e4Jk967I',
1904 silly reify   '/Users/suraj/Desktop/Project/persnol/portfolio/node_modules/slash': '/Users/suraj/Desktop/Project/persnol/portfolio/node_modules/.slash-NjRUZkj4',
1904 silly reify   '/Users/suraj/Desktop/Project/persnol/portfolio/node_modules/source-map-js': '/Users/suraj/Desktop/Project/persnol/portfolio/node_modules/.source-map-js-TsoSNYDf',
1904 silly reify   '/Users/suraj/Desktop/Project/persnol/portfolio/node_modules/stop-iteration-iterator': '/Users/suraj/Desktop/Project/persnol/portfolio/node_modules/.stop-iteration-iterator-VwjuAH8t',
1904 silly reify   '/Users/suraj/Desktop/Project/persnol/portfolio/node_modules/streamsearch': '/Users/suraj/Desktop/Project/persnol/portfolio/node_modules/.streamsearch-157Q1NYm',
1904 silly reify   '/Users/suraj/Desktop/Project/persnol/portfolio/node_modules/string.prototype.includes': '/Users/suraj/Desktop/Project/persnol/portfolio/node_modules/.string.prototype.includes-40Wb6E5L',
1904 silly reify   '/Users/suraj/Desktop/Project/persnol/portfolio/node_modules/string.prototype.matchall': '/Users/suraj/Desktop/Project/persnol/portfolio/node_modules/.string.prototype.matchall-deVn1z1X',
1904 silly reify   '/Users/suraj/Desktop/Project/persnol/portfolio/node_modules/string.prototype.trim': '/Users/suraj/Desktop/Project/persnol/portfolio/node_modules/.string.prototype.trim-3RjntjaM',
1904 silly reify   '/Users/suraj/Desktop/Project/persnol/portfolio/node_modules/string.prototype.trimend': '/Users/suraj/Desktop/Project/persnol/portfolio/node_modules/.string.prototype.trimend-mF3IPlFG',
1904 silly reify   '/Users/suraj/Desktop/Project/persnol/portfolio/node_modules/strip-json-comments': '/Users/suraj/Desktop/Project/persnol/portfolio/node_modules/.strip-json-comments-HNlQDy7Z',
1904 silly reify   '/Users/suraj/Desktop/Project/persnol/portfolio/node_modules/styled-jsx': '/Users/suraj/Desktop/Project/persnol/portfolio/node_modules/.styled-jsx-nJJqlN3U',
1904 silly reify   '/Users/suraj/Desktop/Project/persnol/portfolio/node_modules/supports-color': '/Users/suraj/Desktop/Project/persnol/portfolio/node_modules/.supports-color-gQ44Ybcf',
1904 silly reify   '/Users/suraj/Desktop/Project/persnol/portfolio/node_modules/tapable': '/Users/suraj/Desktop/Project/persnol/portfolio/node_modules/.tapable-XTlDKA9e',
1904 silly reify   '/Users/suraj/Desktop/Project/persnol/portfolio/node_modules/text-table': '/Users/suraj/Desktop/Project/persnol/portfolio/node_modules/.text-table-S48Eqwmo',
1904 silly reify   '/Users/suraj/Desktop/Project/persnol/portfolio/node_modules/ts-api-utils': '/Users/suraj/Desktop/Project/persnol/portfolio/node_modules/.ts-api-utils-xYU00lwa',
1904 silly reify   '/Users/suraj/Desktop/Project/persnol/portfolio/node_modules/tslib': '/Users/suraj/Desktop/Project/persnol/portfolio/node_modules/.tslib-Np6RdKsq',
1904 silly reify   '/Users/suraj/Desktop/Project/persnol/portfolio/node_modules/type-fest': '/Users/suraj/Desktop/Project/persnol/portfolio/node_modules/.type-fest-Glj3cHf3',
1904 silly reify   '/Users/suraj/Desktop/Project/persnol/portfolio/node_modules/typed-array-buffer': '/Users/suraj/Desktop/Project/persnol/portfolio/node_modules/.typed-array-buffer-sismBh32',
1904 silly reify   '/Users/suraj/Desktop/Project/persnol/portfolio/node_modules/typed-array-byte-length': '/Users/suraj/Desktop/Project/persnol/portfolio/node_modules/.typed-array-byte-length-r4BHf2Cc',
1904 silly reify   '/Users/suraj/Desktop/Project/persnol/portfolio/node_modules/typed-array-byte-offset': '/Users/suraj/Desktop/Project/persnol/portfolio/node_modules/.typed-array-byte-offset-UDmvEG67',
1904 silly reify   '/Users/suraj/Desktop/Project/persnol/portfolio/node_modules/typed-array-length': '/Users/suraj/Desktop/Project/persnol/portfolio/node_modules/.typed-array-length-CMGTcbNm',
1904 silly reify   '/Users/suraj/Desktop/Project/persnol/portfolio/node_modules/unbox-primitive': '/Users/suraj/Desktop/Project/persnol/portfolio/node_modules/.unbox-primitive-8WqTZtBl',
1904 silly reify   '/Users/suraj/Desktop/Project/persnol/portfolio/node_modules/which-boxed-primitive': '/Users/suraj/Desktop/Project/persnol/portfolio/node_modules/.which-boxed-primitive-XLIHiJxb',
1904 silly reify   '/Users/suraj/Desktop/Project/persnol/portfolio/node_modules/which-builtin-type': '/Users/suraj/Desktop/Project/persnol/portfolio/node_modules/.which-builtin-type-VmYrgiDc',
1904 silly reify   '/Users/suraj/Desktop/Project/persnol/portfolio/node_modules/which-typed-array': '/Users/suraj/Desktop/Project/persnol/portfolio/node_modules/.which-typed-array-GQGi6XIS',
1904 silly reify   '/Users/suraj/Desktop/Project/persnol/portfolio/node_modules/wrappy': '/Users/suraj/Desktop/Project/persnol/portfolio/node_modules/.wrappy-PwAb13wI'
1904 silly reify }
1905 silly audit bulk request {
1905 silly audit   '@alloc/quick-lru': [ '5.2.0' ],
1905 silly audit   '@csstools/convert-colors': [ '2.0.0' ],
1905 silly audit   '@humanwhocodes/module-importer': [ '1.0.1' ],
1905 silly audit   '@isaacs/cliui': [ '8.0.2' ],
1905 silly audit   'ansi-regex': [ '6.0.1', '5.0.1' ],
1905 silly audit   'strip-ansi': [ '7.1.0', '6.0.1' ],
1905 silly audit   '@jridgewell/resolve-uri': [ '3.1.2' ],
1905 silly audit   '@jridgewell/sourcemap-codec': [ '1.5.0' ],
1905 silly audit   '@nodelib/fs.scandir': [ '2.1.5' ],
1905 silly audit   '@nodelib/fs.stat': [ '2.0.5' ],
1905 silly audit   '@nodelib/fs.walk': [ '1.2.8' ],
1905 silly audit   '@pkgjs/parseargs': [ '0.11.0' ],
1905 silly audit   '@radix-ui/primitive': [ '1.1.3' ],
1905 silly audit   '@radix-ui/react-collection': [ '1.1.7' ],
1905 silly audit   '@radix-ui/react-compose-refs': [ '1.1.2' ],
1905 silly audit   '@radix-ui/react-context': [ '1.1.2' ],
1905 silly audit   '@radix-ui/react-direction': [ '1.1.1' ],
1905 silly audit   '@radix-ui/react-id': [ '1.1.1' ],
1905 silly audit   '@radix-ui/react-presence': [ '1.1.5' ],
1905 silly audit   '@radix-ui/react-primitive': [ '2.1.3' ],
1905 silly audit   '@radix-ui/react-roving-focus': [ '1.1.11' ],
1905 silly audit   '@radix-ui/react-slot': [ '1.2.3' ],
1905 silly audit   '@radix-ui/react-tabs': [ '1.1.13' ],
1905 silly audit   '@radix-ui/react-use-callback-ref': [ '1.1.1' ],
1905 silly audit   '@radix-ui/react-use-controllable-state': [ '1.2.2' ],
1905 silly audit   '@radix-ui/react-use-effect-event': [ '0.0.2' ],
1905 silly audit   '@radix-ui/react-use-layout-effect': [ '1.1.1' ],
1905 silly audit   '@types/debug': [ '4.1.12' ],
1905 silly audit   '@types/estree': [ '1.0.8' ],
1905 silly audit   '@types/estree-jsx': [ '1.0.5' ],
1905 silly audit   '@types/hast': [ '3.0.4' ],
1905 silly audit   '@types/mdast': [ '4.0.4' ],
1905 silly audit   '@types/ms': [ '2.1.0' ],
1905 silly audit   '@types/node': [ '20.16.5' ],
1905 silly audit   '@types/prop-types': [ '15.7.12' ],
1905 silly audit   '@types/react': [ '18.3.5' ],
1905 silly audit   '@types/react-dom': [ '18.3.0' ],
1905 silly audit   '@types/unist': [ '3.0.3', '2.0.11' ],
1905 silly audit   'brace-expansion': [ '2.0.1', '5.0.9', '1.1.18' ],
1905 silly audit   minimatch: [ '9.0.5', '10.2.6', '3.1.5' ],
1905 silly audit   '@ungap/structured-clone': [ '1.2.0' ],
1905 silly audit   '@vercel/analytics': [ '1.5.0' ],
1905 silly audit   'ansi-styles': [ '4.3.0', '6.2.1' ],
1905 silly audit   'any-promise': [ '1.3.0' ],
1905 silly audit   anymatch: [ '3.1.3' ],
1905 silly audit   arg: [ '5.0.2' ],
1905 silly audit   argparse: [ '1.0.10' ],
1905 silly audit   'available-typed-arrays': [ '1.0.7' ],
1905 silly audit   bail: [ '2.0.2' ],
1905 silly audit   'balanced-match': [ '1.0.2', '4.0.4' ],
1905 silly audit   'binary-extensions': [ '2.3.0' ],
1905 silly audit   braces: [ '3.0.3' ],
1905 silly audit   'camelcase-css': [ '2.0.1' ],
1905 silly audit   ccount: [ '2.0.1' ],
1905 silly audit   'character-entities': [ '2.0.2' ],
1905 silly audit   'character-entities-html4': [ '2.1.0' ],
1905 silly audit   'character-entities-legacy': [ '3.0.0' ],
1905 silly audit   'character-reference-invalid': [ '2.0.1' ],
1905 silly audit   chokidar: [ '3.6.0' ],
1905 silly audit   'glob-parent': [ '5.1.2', '6.0.2' ],
1905 silly audit   'class-variance-authority': [ '0.7.0' ],
1905 silly audit   clsx: [ '2.0.0', '2.1.1' ],
1905 silly audit   'client-only': [ '0.0.1' ],
1905 silly audit   'color-convert': [ '2.0.1' ],
1905 silly audit   'color-name': [ '1.1.4' ],
1905 silly audit   'comma-separated-tokens': [ '2.0.3' ],
1905 silly audit   commander: [ '4.1.1' ],
1905 silly audit   cssesc: [ '3.0.0' ],
1905 silly audit   csstype: [ '3.1.3' ],
1905 silly audit   debug: [ '4.3.7', '3.2.7', '4.4.3' ],
1905 silly audit   'decode-named-character-reference': [ '1.3.0' ],
1905 silly audit   'deep-is': [ '0.1.4' ],
1905 silly audit   'define-data-property': [ '1.1.4' ],
1905 silly audit   'define-properties': [ '1.2.1' ],
1905 silly audit   dequal: [ '2.0.3' ],
1905 silly audit   devlop: [ '1.1.0' ],
1905 silly audit   didyoumean: [ '1.2.2' ],
1905 silly audit   dlv: [ '1.1.3' ],
1905 silly audit   eastasianwidth: [ '0.2.0' ],
1905 silly audit   'emoji-regex': [ '9.2.2', '8.0.0' ],
1905 silly audit   'es-errors': [ '1.3.0' ],
1905 silly audit   'escape-string-regexp': [ '4.0.0', '5.0.0' ],
1905 silly audit   'eslint-import-resolver-node': [ '0.3.9' ],
1905 silly audit   semver: [ '6.3.1', '7.8.5' ],
1905 silly audit   resolve: [ '1.22.8', '2.0.0-next.7' ],
1905 silly audit   'eslint-visitor-keys': [ '3.4.3', '5.0.1' ],
1905 silly audit   esprima: [ '4.0.1' ],
1905 silly audit   estraverse: [ '5.3.0' ],
1905 silly audit   'estree-util-is-identifier-name': [ '3.0.0' ],
1905 silly audit   esutils: [ '2.0.3' ],
1905 silly audit   extend: [ '3.0.2' ],
1905 silly audit   'extend-shallow': [ '2.0.1' ],
1905 silly audit   'fast-glob': [ '3.3.2', '3.3.1' ],
1905 silly audit   'fast-levenshtein': [ '2.0.6' ],
1905 silly audit   fastq: [ '1.17.1' ],
1905 silly audit   'fill-range': [ '7.1.1' ],
1905 silly audit   'find-up': [ '5.0.0' ],
1905 silly audit   'foreground-child': [ '3.3.0' ],
1905 silly audit   'framer-motion': [ '11.5.4' ],
1905 silly audit   fsevents: [ '2.3.3' ],
1905 silly audit   'function-bind': [ '1.1.2' ],
1905 silly audit   'functions-have-names': [ '1.2.3' ],
1905 silly audit   glob: [ '10.3.10' ],
1905 silly audit   globalthis: [ '1.0.4' ],
1905 silly audit   'gray-matter': [ '4.0.3' ],
1905 silly audit   'js-yaml': [ '3.14.2' ],
1905 silly audit   'has-bigints': [ '1.0.2' ],
1905 silly audit   'has-property-descriptors': [ '1.0.2' ],
1905 silly audit   'has-tostringtag': [ '1.0.2' ],
1905 silly audit   'hast-util-to-jsx-runtime': [ '2.3.6' ],
1905 silly audit   'hast-util-whitespace': [ '3.0.0' ],
1905 silly audit   'html-url-attributes': [ '3.0.1' ],
1905 silly audit   ignore: [ '5.3.2', '7.0.6' ],
1905 silly audit   imurmurhash: [ '0.1.4' ],
1905 silly audit   'inline-style-parser': [ '0.2.7' ],
1905 silly audit   'is-alphabetical': [ '2.0.1' ],
1905 silly audit   'is-alphanumerical': [ '2.0.1' ],
1905 silly audit   'is-binary-path': [ '2.1.0' ],
1905 silly audit   'is-callable': [ '1.2.7' ],
1905 silly audit   'is-decimal': [ '2.0.1' ],
1905 silly audit   'is-extendable': [ '0.1.1' ],
1905 silly audit   'is-extglob': [ '2.1.1' ],
1905 silly audit   'is-fullwidth-code-point': [ '3.0.0' ],
1905 silly audit   'is-glob': [ '4.0.3' ],
1905 silly audit   'is-hexadecimal': [ '2.0.1' ],
1905 silly audit   'is-negative-zero': [ '2.0.3' ],
1905 silly audit   'is-number': [ '7.0.0' ],
1905 silly audit   'is-plain-obj': [ '4.1.0' ],
1905 silly audit   'is-set': [ '2.0.3' ],
1905 silly audit   isarray: [ '2.0.5' ],
1905 silly audit   isexe: [ '2.0.0' ],
1905 silly audit   jackspeak: [ '2.3.6' ],
1905 silly audit   jiti: [ '1.21.6' ],
1905 silly audit   'js-tokens': [ '4.0.0' ],
1905 silly audit   'json-stable-stringify-without-jsonify': [ '1.0.1' ],
1905 silly audit   'jsx-ast-utils': [ '3.3.5' ],
1905 silly audit   'kind-of': [ '6.0.3' ],
1905 silly audit   levn: [ '0.4.1' ],
1905 silly audit   lilconfig: [ '2.1.0', '3.1.2' ],
1905 silly audit   'lines-and-columns': [ '1.2.4' ],
1905 silly audit   'locate-path': [ '6.0.0' ],
1905 silly audit   'longest-streak': [ '3.1.0' ],
1905 silly audit   'loose-envify': [ '1.4.0' ],
1905 silly audit   'lru-cache': [ '10.4.3', '5.1.1' ],
1905 silly audit   'lucide-react': [ '0.439.0' ],
1905 silly audit   'markdown-table': [ '3.0.4' ],
1905 silly audit   'mdast-util-find-and-replace': [ '3.0.2' ],
1905 silly audit   'mdast-util-from-markdown': [ '2.0.2' ],
1905 silly audit   'mdast-util-gfm': [ '3.1.0' ],
1905 silly audit   'mdast-util-gfm-autolink-literal': [ '2.0.1' ],
1905 silly audit   'mdast-util-gfm-footnote': [ '2.1.0' ],
1905 silly audit   'mdast-util-gfm-strikethrough': [ '2.0.0' ],
1905 silly audit   'mdast-util-gfm-table': [ '2.0.0' ],
1905 silly audit   'mdast-util-gfm-task-list-item': [ '2.0.0' ],
1905 silly audit   'mdast-util-mdx-expression': [ '2.0.1' ],
1905 silly audit   'mdast-util-mdx-jsx': [ '3.2.0' ],
1905 silly audit   'mdast-util-mdxjs-esm': [ '2.0.1' ],
1905 silly audit   'mdast-util-phrasing': [ '4.1.0' ],
1905 silly audit   'mdast-util-to-hast': [ '13.2.1' ],
1905 silly audit   'mdast-util-to-markdown': [ '2.1.2' ],
1905 silly audit   'mdast-util-to-string': [ '4.0.0' ],
1905 silly audit   merge2: [ '1.4.1' ],
1905 silly audit   micromark: [ '4.0.2' ],
1905 silly audit   'micromark-core-commonmark': [ '2.0.3' ],
1905 silly audit   'micromark-extension-gfm': [ '3.0.0' ],
1905 silly audit   'micromark-extension-gfm-autolink-literal': [ '2.1.0' ],
1905 silly audit   'micromark-extension-gfm-footnote': [ '2.1.0' ],
1905 silly audit   'micromark-extension-gfm-strikethrough': [ '2.1.0' ],
1905 silly audit   'micromark-extension-gfm-table': [ '2.1.1' ],
1905 silly audit   'micromark-extension-gfm-tagfilter': [ '2.0.0' ],
1905 silly audit   'micromark-extension-gfm-task-list-item': [ '2.1.0' ],
1905 silly audit   'micromark-factory-destination': [ '2.0.1' ],
1905 silly audit   'micromark-factory-label': [ '2.0.1' ],
1905 silly audit   'micromark-factory-space': [ '2.0.1' ],
1905 silly audit   'micromark-factory-title': [ '2.0.1' ],
1905 silly audit   'micromark-factory-whitespace': [ '2.0.1' ],
1905 silly audit   'micromark-util-character': [ '2.1.1' ],
1905 silly audit   'micromark-util-chunked': [ '2.0.1' ],
1905 silly audit   'micromark-util-classify-character': [ '2.0.1' ],
1905 silly audit   'micromark-util-combine-extensions': [ '2.0.1' ],
1905 silly audit   'micromark-util-decode-numeric-character-reference': [ '2.0.2' ],
1905 silly audit   'micromark-util-decode-string': [ '2.0.1' ],
1905 silly audit   'micromark-util-encode': [ '2.0.1' ],
1905 silly audit   'micromark-util-html-tag-name': [ '2.0.1' ],
1905 silly audit   'micromark-util-normalize-identifier': [ '2.0.1' ],
1905 silly audit   'micromark-util-resolve-all': [ '2.0.1' ],
1905 silly audit   'micromark-util-sanitize-uri': [ '2.0.1' ],
1905 silly audit   'micromark-util-subtokenize': [ '2.1.0' ],
1905 silly audit   'micromark-util-symbol': [ '2.0.1' ],
1905 silly audit   'micromark-util-types': [ '2.0.2' ],
1905 silly audit   micromatch: [ '4.0.8' ],
1905 silly audit   minipass: [ '7.1.2' ],
1905 silly audit   ms: [ '2.1.3' ],
1905 silly audit   mz: [ '2.7.0' ],
1905 silly audit   'natural-compare': [ '1.4.0' ],
1905 silly audit   'next-themes': [ '0.3.0' ],
1905 silly audit   'normalize-path': [ '3.0.0' ],
1905 silly audit   'object-assign': [ '4.1.1' ],
1905 silly audit   'object-hash': [ '3.0.0' ],
1905 silly audit   'object-keys': [ '1.1.1' ],
1905 silly audit   'object.fromentries': [ '2.0.8' ],
1905 silly audit   optionator: [ '0.9.4' ],
1905 silly audit   'p-limit': [ '3.1.0' ],
1905 silly audit   'p-locate': [ '5.0.0' ],
1905 silly audit   'parse-entities': [ '4.0.2' ],
1905 silly audit   'path-exists': [ '4.0.0' ],
1905 silly audit   'path-key': [ '3.1.1' ],
1905 silly audit   'path-parse': [ '1.0.7' ],
1905 silly audit   'path-scurry': [ '1.11.1' ],
1905 silly audit   picomatch: [ '2.3.1', '4.0.5' ],
1905 silly audit   pify: [ '2.3.0' ],
1905 silly audit   pirates: [ '4.0.6' ],
1905 silly audit   'postcss-import': [ '15.1.0' ],
1905 silly audit   'postcss-js': [ '4.0.1' ],
1905 silly audit   'postcss-load-config': [ '4.0.2' ],
1905 silly audit   'postcss-nested': [ '6.2.0' ],
1905 silly audit   'postcss-selector-parser': [ '6.1.2' ],
1905 silly audit   'postcss-value-parser': [ '4.2.0' ],
1905 silly audit   'prelude-ls': [ '1.2.1' ],
1905 silly audit   'property-information': [ '7.1.0' ],
1905 silly audit   'queue-microtask': [ '1.2.3' ],
1905 silly audit   react: [ '18.3.1' ],
1905 silly audit   'react-dom': [ '18.3.1' ],
1905 silly audit   'react-icon-cloud': [ '4.1.4' ],
1905 silly audit   'react-icons': [ '5.3.0' ],
1905 silly audit   'react-markdown': [ '10.1.0' ],
1905 silly audit   'react-tweet': [ '3.2.1' ],
1905 silly audit   'read-cache': [ '1.0.0' ],
1905 silly audit   readdirp: [ '3.6.0' ],
1905 silly audit   'remark-gfm': [ '4.0.1' ],
1905 silly audit   'remark-parse': [ '11.0.0' ],
1905 silly audit   'remark-rehype': [ '11.1.2' ],
1905 silly audit   'remark-stringify': [ '11.0.0' ],
1905 silly audit   reusify: [ '1.0.4' ],
1905 silly audit   'run-parallel': [ '1.2.0' ],
1905 silly audit   scheduler: [ '0.23.2' ],
1905 silly audit   'section-matter': [ '1.0.0' ],
1905 silly audit   'set-function-length': [ '1.2.2' ],
1905 silly audit   'set-function-name': [ '2.0.2' ],
1905 silly audit   'shebang-command': [ '2.0.0' ],
1905 silly audit   'shebang-regex': [ '3.0.0' ],
1905 silly audit   'signal-exit': [ '4.1.0' ],
1905 silly audit   sonner: [ '1.5.0' ],
1905 silly audit   'space-separated-tokens': [ '2.0.2' ],
1905 silly audit   'sprintf-js': [ '1.0.3' ],
1905 silly audit   'string-width': [ '5.1.2', '4.2.3' ],
1905 silly audit   'string.prototype.trimstart': [ '1.0.8' ],
1905 silly audit   'stringify-entities': [ '4.0.4' ],
1905 silly audit   'strip-bom-string': [ '1.0.0' ],
1905 silly audit   'style-to-js': [ '1.1.21' ],
1905 silly audit   'style-to-object': [ '1.0.14' ],
1905 silly audit   sucrase: [ '3.35.0' ],
1905 silly audit   'supports-preserve-symlinks-flag': [ '1.0.0' ],
1905 silly audit   swr: [ '2.2.5' ],
1905 silly audit   'tailwind-merge': [ '2.5.2' ],
1905 silly audit   tailwindcss: [ '3.4.10' ],
1905 silly audit   'tailwindcss-animate': [ '1.0.7' ],
1905 silly audit   thenify: [ '3.3.1' ],
1905 silly audit   'thenify-all': [ '1.6.0' ],
1905 silly audit   'to-regex-range': [ '5.0.1' ],
1905 silly audit   'trim-lines': [ '3.0.1' ],
1905 silly audit   trough: [ '2.2.0' ],
1905 silly audit   'ts-interface-checker': [ '0.1.13' ],
1905 silly audit   'type-check': [ '0.4.0' ],
1905 silly audit   typescript: [ '5.5.4' ],
1905 silly audit   'undici-types': [ '6.19.8' ],
1905 silly audit   unified: [ '11.0.5' ],
1905 silly audit   'unist-util-is': [ '6.0.1' ],
1905 silly audit   'unist-util-position': [ '5.0.0' ],
1905 silly audit   'unist-util-stringify-position': [ '4.0.0' ],
1905 silly audit   'unist-util-visit': [ '5.1.0' ],
1905 silly audit   'unist-util-visit-parents': [ '6.0.2' ],
1905 silly audit   'use-sync-external-store': [ '1.2.2' ],
1905 silly audit   'util-deprecate': [ '1.0.2' ],
1905 silly audit   vfile: [ '6.0.3' ],
1905 silly audit   'vfile-message': [ '4.0.3' ],
1905 silly audit   which: [ '2.0.2' ],
1905 silly audit   'word-wrap': [ '1.2.5' ],
1905 silly audit   'wrap-ansi': [ '8.1.0', '7.0.0' ],
1905 silly audit   yaml: [ '2.5.1' ],
1905 silly audit   'yocto-queue': [ '0.1.0' ],
1905 silly audit   zwitch: [ '2.0.4' ],
1905 silly audit   eslint: [ '10.8.1' ],
1905 silly audit   'eslint-config-next': [ '16.3.1' ],
1905 silly audit   next: [ '16.3.1' ],
1905 silly audit   '@eslint-community/eslint-utils': [ '4.10.1', '4.9.1' ],
1905 silly audit   '@eslint-community/regexpp': [ '4.12.2' ],
1905 silly audit   '@eslint/config-array': [ '0.23.5' ],
1905 silly audit   '@eslint/config-helpers': [ '0.7.0' ],
1905 silly audit   '@eslint/core': [ '1.2.1' ],
1905 silly audit   '@eslint/plugin-kit': [ '0.7.2' ],
1905 silly audit   '@humanfs/node': [ '0.16.8' ],
1905 silly audit   '@humanwhocodes/retry': [ '0.4.3' ],
1905 silly audit   ajv: [ '6.15.0' ],
1905 silly audit   'cross-spawn': [ '7.0.6' ],
1905 silly audit   'eslint-scope': [ '9.1.2' ],
1905 silly audit   espree: [ '11.2.0' ],
1905 silly audit   esquery: [ '1.7.0' ],
1905 silly audit   'fast-deep-equal': [ '3.1.3' ],
1905 silly audit   'file-entry-cache': [ '8.0.0' ],
1905 silly audit   '@eslint/object-schema': [ '3.0.5' ],
1905 silly audit   '@types/json-schema': [ '7.0.15' ],
1905 silly audit   '@humanfs/core': [ '0.19.2' ],
1905 silly audit   '@humanfs/types': [ '0.15.0' ],
1905 silly audit   'fast-json-stable-stringify': [ '2.1.0' ],
1905 silly audit   'json-schema-traverse': [ '0.4.1' ],
1905 silly audit   'uri-js': [ '4.4.1' ],
1905 silly audit   '@next/eslint-plugin-next': [ '16.3.1' ],
1905 silly audit   'eslint-import-resolver-typescript': [ '3.10.1' ],
1905 silly audit   'eslint-plugin-import': [ '2.32.0' ],
1905 silly audit   'eslint-plugin-jsx-a11y': [ '6.10.2' ],
1905 silly audit   'eslint-plugin-react': [ '7.37.5' ],
1905 silly audit   'eslint-plugin-react-hooks': [ '7.1.1' ],
1905 silly audit   globals: [ '16.4.0' ],
1905 silly audit   'typescript-eslint': [ '8.67.0' ],
1905 silly audit   '@babel/core': [ '7.29.7' ],
1905 silly audit   '@babel/parser': [ '7.29.8' ],
1905 silly audit   'hermes-parser': [ '0.25.1' ],
1905 silly audit   zod: [ '4.4.3' ],
1905 silly audit   'zod-validation-error': [ '4.0.2' ],
1905 silly audit   '@babel/code-frame': [ '7.29.7' ],
1905 silly audit   '@babel/generator': [ '7.29.8' ],
1905 silly audit   '@babel/helper-compilation-targets': [ '7.29.7' ],
1905 silly audit   '@babel/helper-module-transforms': [ '7.29.7' ],
1905 silly audit   '@babel/helpers': [ '7.29.7' ],
1905 silly audit   '@babel/template': [ '7.29.7' ],
1905 silly audit   '@babel/traverse': [ '7.29.8' ],
1905 silly audit   '@babel/types': [ '7.29.8' ],
1905 silly audit   '@jridgewell/remapping': [ '2.3.5' ],
1905 silly audit   'convert-source-map': [ '2.0.0' ],
1905 silly audit   gensync: [ '1.0.0-beta.2' ],
1905 silly audit   json5: [ '2.2.3', '1.0.2' ],
1905 silly audit   '@babel/helper-validator-identifier': [ '7.29.7' ],
1905 silly audit   picocolors: [ '1.1.1' ],
1905 silly audit   '@jridgewell/gen-mapping': [ '0.3.13' ],
1905 silly audit   '@jridgewell/trace-mapping': [ '0.3.31' ],
1905 silly audit   jsesc: [ '3.1.0' ],
1905 silly audit   '@babel/compat-data': [ '7.29.7' ],
1905 silly audit   '@babel/helper-validator-option': [ '7.29.7' ],
1905 silly audit   browserslist: [ '4.28.8' ],
1905 silly audit   '@babel/helper-module-imports': [ '7.29.7' ],
1905 silly audit   '@babel/helper-globals': [ '7.29.7' ],
1905 silly audit   '@babel/helper-string-parser': [ '7.29.7' ],
1905 silly audit   'baseline-browser-mapping': [ '2.11.15' ],
1905 silly audit   'caniuse-lite': [ '1.0.30001809' ],
1905 silly audit   'electron-to-chromium': [ '1.5.411' ],
1905 silly audit   'node-releases': [ '2.0.53' ],
1905 silly audit   'update-browserslist-db': [ '1.3.1' ],
1905 silly audit   '@types/esrecurse': [ '4.3.1' ],
1905 silly audit   esrecurse: [ '4.3.0' ],
1905 silly audit   acorn: [ '8.18.0' ],
1905 silly audit   'acorn-jsx': [ '5.3.2' ],
1905 silly audit   'flat-cache': [ '4.0.1' ],
1905 silly audit   flatted: [ '3.4.4' ],
1905 silly audit   keyv: [ '4.5.4' ],
1905 silly audit   'hermes-estree': [ '0.25.1' ],
1905 silly audit   'json-buffer': [ '3.0.1' ],
1905 silly audit   '@next/env': [ '16.3.1' ],
1905 silly audit   '@next/swc-darwin-arm64': [ '16.3.1' ],
1905 silly audit   '@next/swc-darwin-x64': [ '16.3.1' ],
1905 silly audit   '@next/swc-linux-arm64-gnu': [ '16.3.1' ],
1905 silly audit   '@next/swc-linux-arm64-musl': [ '16.3.1' ],
1905 silly audit   '@next/swc-linux-x64-gnu': [ '16.3.1' ],
1905 silly audit   '@next/swc-linux-x64-musl': [ '16.3.1' ],
1905 silly audit   '@next/swc-win32-arm64-msvc': [ '16.3.1' ],
1905 silly audit   '@next/swc-win32-x64-msvc': [ '16.3.1' ],
1905 silly audit   '@swc/helpers': [ '0.5.23' ],
1905 silly audit   postcss: [ '8.5.23' ],
1905 silly audit   sharp: [ '0.35.3' ],
1905 silly audit   'styled-jsx': [ '5.1.6' ],
1905 silly audit   tslib: [ '2.8.1' ],
1905 silly audit   nanoid: [ '3.3.18' ],
1905 silly audit   'source-map-js': [ '1.2.1' ],
1905 silly audit   '@img/colour': [ '1.1.0' ],
1905 silly audit   '@img/sharp-darwin-arm64': [ '0.35.3' ],
1905 silly audit   '@img/sharp-darwin-x64': [ '0.35.3' ],
1905 silly audit   '@img/sharp-freebsd-wasm32': [ '0.35.3' ],
1905 silly audit   '@img/sharp-libvips-darwin-arm64': [ '1.3.2' ],
1905 silly audit   '@img/sharp-libvips-darwin-x64': [ '1.3.2' ],
1905 silly audit   '@img/sharp-libvips-linux-arm': [ '1.3.2' ],
1905 silly audit   '@img/sharp-libvips-linux-arm64': [ '1.3.2' ],
1905 silly audit   '@img/sharp-libvips-linux-ppc64': [ '1.3.2' ],
1905 silly audit   '@img/sharp-libvips-linux-riscv64': [ '1.3.2' ],
1905 silly audit   '@img/sharp-libvips-linux-s390x': [ '1.3.2' ],
1905 silly audit   '@img/sharp-libvips-linux-x64': [ '1.3.2' ],
1905 silly audit   '@img/sharp-libvips-linuxmusl-arm64': [ '1.3.2' ],
1905 silly audit   '@img/sharp-libvips-linuxmusl-x64': [ '1.3.2' ],
1905 silly audit   '@img/sharp-linux-arm': [ '0.35.3' ],
1905 silly audit   '@img/sharp-linux-arm64': [ '0.35.3' ],
1905 silly audit   '@img/sharp-linux-ppc64': [ '0.35.3' ],
1905 silly audit   '@img/sharp-linux-riscv64': [ '0.35.3' ],
1905 silly audit   '@img/sharp-linux-s390x': [ '0.35.3' ],
1905 silly audit   '@img/sharp-linux-x64': [ '0.35.3' ],
1905 silly audit   '@img/sharp-linuxmusl-arm64': [ '0.35.3' ],
1905 silly audit   '@img/sharp-linuxmusl-x64': [ '0.35.3' ],
1905 silly audit   '@img/sharp-webcontainers-wasm32': [ '0.35.3' ],
1905 silly audit   '@img/sharp-win32-arm64': [ '0.35.3' ],
1905 silly audit   '@img/sharp-win32-ia32': [ '0.35.3' ],
1905 silly audit   '@img/sharp-win32-x64': [ '0.35.3' ],
1905 silly audit   'detect-libc': [ '2.1.2' ],
1905 silly audit   '@img/sharp-wasm32': [ '0.35.3' ],
1905 silly audit   '@emnapi/runtime': [ '1.11.3', '1.10.0' ],
1905 silly audit   '@typescript-eslint/eslint-plugin': [ '8.67.0' ],
1905 silly audit   '@typescript-eslint/parser': [ '8.67.0' ],
1905 silly audit   '@typescript-eslint/typescript-estree': [ '8.67.0' ],
1905 silly audit   '@typescript-eslint/utils': [ '8.67.0' ],
1905 silly audit   '@typescript-eslint/scope-manager': [ '8.67.0' ],
1905 silly audit   '@typescript-eslint/type-utils': [ '8.67.0' ],
1905 silly audit   '@typescript-eslint/visitor-keys': [ '8.67.0' ],
1905 silly audit   'ts-api-utils': [ '2.5.0' ],
1905 silly audit   '@typescript-eslint/types': [ '8.67.0' ],
1905 silly audit   '@typescript-eslint/project-service': [ '8.67.0' ],
1905 silly audit   '@typescript-eslint/tsconfig-utils': [ '8.67.0' ],
1905 silly audit   tinyglobby: [ '0.2.17' ],
1905 silly audit   fdir: [ '6.5.0' ],
1905 silly audit   escalade: [ '3.2.0' ],
1905 silly audit   punycode: [ '2.3.1' ],
1905 silly audit   yallist: [ '3.1.1' ],
1905 silly audit   '@nolyfill/is-core-module': [ '1.0.39' ],
1905 silly audit   'get-tsconfig': [ '4.14.3' ],
1905 silly audit   'is-bun-module': [ '2.0.0' ],
1905 silly audit   'stable-hash': [ '0.0.5' ],
1905 silly audit   'unrs-resolver': [ '1.12.2' ],
1905 silly audit   'resolve-pkg-maps': [ '1.0.0' ],
1905 silly audit   '@unrs/resolver-binding-android-arm-eabi': [ '1.12.2' ],
1905 silly audit   '@unrs/resolver-binding-android-arm64': [ '1.12.2' ],
1905 silly audit   '@unrs/resolver-binding-darwin-arm64': [ '1.12.2' ],
1905 silly audit   '@unrs/resolver-binding-darwin-x64': [ '1.12.2' ],
1905 silly audit   '@unrs/resolver-binding-freebsd-x64': [ '1.12.2' ],
1905 silly audit   '@unrs/resolver-binding-linux-arm-gnueabihf': [ '1.12.2' ],
1905 silly audit   '@unrs/resolver-binding-linux-arm-musleabihf': [ '1.12.2' ],
1905 silly audit   '@unrs/resolver-binding-linux-arm64-gnu': [ '1.12.2' ],
1905 silly audit   '@unrs/resolver-binding-linux-arm64-musl': [ '1.12.2' ],
1905 silly audit   '@unrs/resolver-binding-linux-loong64-gnu': [ '1.12.2' ],
1905 silly audit   '@unrs/resolver-binding-linux-loong64-musl': [ '1.12.2' ],
1905 silly audit   '@unrs/resolver-binding-linux-ppc64-gnu': [ '1.12.2' ],
1905 silly audit   '@unrs/resolver-binding-linux-riscv64-gnu': [ '1.12.2' ],
1905 silly audit   '@unrs/resolver-binding-linux-riscv64-musl': [ '1.12.2' ],
1905 silly audit   '@unrs/resolver-binding-linux-s390x-gnu': [ '1.12.2' ],
1905 silly audit   '@unrs/resolver-binding-linux-x64-gnu': [ '1.12.2' ],
1905 silly audit   '@unrs/resolver-binding-linux-x64-musl': [ '1.12.2' ],
1905 silly audit   '@unrs/resolver-binding-openharmony-arm64': [ '1.12.2' ],
1905 silly audit   '@unrs/resolver-binding-wasm32-wasi': [ '1.12.2' ],
1905 silly audit   '@unrs/resolver-binding-win32-arm64-msvc': [ '1.12.2' ],
1905 silly audit   '@unrs/resolver-binding-win32-ia32-msvc': [ '1.12.2' ],
1905 silly audit   '@unrs/resolver-binding-win32-x64-msvc': [ '1.12.2' ],
1905 silly audit   'napi-postinstall': [ '0.3.4' ],
1905 silly audit   '@emnapi/core': [ '1.10.0' ],
1905 silly audit   '@napi-rs/wasm-runtime': [ '1.2.3' ],
1905 silly audit   '@emnapi/wasi-threads': [ '1.2.1' ],
1905 silly audit   '@tybys/wasm-util': [ '0.10.3' ],
1905 silly audit   '@rtsao/scc': [ '1.1.0' ],
1905 silly audit   'array-includes': [ '3.1.9' ],
1905 silly audit   'array.prototype.findlastindex': [ '1.2.6' ],
1905 silly audit   'array.prototype.flat': [ '1.3.3' ],
1905 silly audit   'array.prototype.flatmap': [ '1.3.3' ],
1905 silly audit   doctrine: [ '2.1.0' ],
1905 silly audit   'eslint-module-utils': [ '2.14.0' ],
1905 silly audit   'is-core-module': [ '2.16.2' ],
1905 silly audit   'object.groupby': [ '1.0.3' ],
1905 silly audit   'object.values': [ '1.2.1' ],
1905 silly audit   'string.prototype.trimend': [ '1.0.10' ],
1905 silly audit   'tsconfig-paths': [ '3.15.0' ],
1905 silly audit   'call-bind': [ '1.0.9' ],
1905 silly audit   'call-bound': [ '1.0.4' ],
1905 silly audit   'es-abstract': [ '1.24.2' ],
1905 silly audit   'es-object-atoms': [ '1.1.2' ],
1905 silly audit   'get-intrinsic': [ '1.3.0' ],
1905 silly audit   'is-string': [ '1.1.1' ],
1905 silly audit   'math-intrinsics': [ '1.1.0' ],
1905 silly audit   'es-shim-unscopables': [ '1.1.0' ],
1905 silly audit   'call-bind-apply-helpers': [ '1.0.2' ],
1905 silly audit   'es-define-property': [ '1.0.1' ],
1905 silly audit   'array-buffer-byte-length': [ '1.0.2' ],
1905 silly audit   'arraybuffer.prototype.slice': [ '1.0.4' ],
1905 silly audit   'data-view-buffer': [ '1.0.2' ],
1905 silly audit   'data-view-byte-length': [ '1.0.2' ],
1905 silly audit   'data-view-byte-offset': [ '1.0.1' ],
1905 silly audit   'es-set-tostringtag': [ '2.1.0' ],
1905 silly audit   'es-to-primitive': [ '1.3.4' ],
1905 silly audit   'function.prototype.name': [ '1.2.0' ],
1905 silly audit   'get-proto': [ '1.0.1' ],
1905 silly audit   'get-symbol-description': [ '1.1.0' ],
1905 silly audit   gopd: [ '1.2.0' ],
1905 silly audit   'has-proto': [ '1.2.0' ],
1905 silly audit   'has-symbols': [ '1.1.0' ],
1905 silly audit   'internal-slot': [ '1.1.0' ],
1905 silly audit   'is-array-buffer': [ '3.0.5' ],
1905 silly audit   'is-data-view': [ '1.0.2' ],
1905 silly audit   'is-regex': [ '1.2.1' ],
1905 silly audit   'is-shared-array-buffer': [ '1.0.4' ],
1905 silly audit   'is-typed-array': [ '1.1.15' ],
1905 silly audit   'is-weakref': [ '1.1.1' ],
1905 silly audit   'object-inspect': [ '1.13.4' ],
1905 silly audit   'object.assign': [ '4.1.7' ],
1905 silly audit   'own-keys': [ '1.0.2' ],
1905 silly audit   'regexp.prototype.flags': [ '1.5.4' ],
1905 silly audit   'safe-array-concat': [ '1.1.4' ],
1905 silly audit   'safe-push-apply': [ '1.0.0' ],
1905 silly audit   'safe-regex-test': [ '1.1.0' ],
1905 silly audit   'set-proto': [ '1.0.0' ],
1905 silly audit   'stop-iteration-iterator': [ '1.1.0' ],
1905 silly audit   'string.prototype.trim': [ '1.2.11' ],
1905 silly audit   'typed-array-buffer': [ '1.0.3' ],
1905 silly audit   'typed-array-byte-length': [ '1.0.3' ],
1905 silly audit   'typed-array-byte-offset': [ '1.0.4' ],
1905 silly audit   'typed-array-length': [ '1.0.8' ],
1905 silly audit   'unbox-primitive': [ '1.1.0' ],
1905 silly audit   'which-typed-array': [ '1.1.22' ],
1905 silly audit   'es-abstract-get': [ '1.0.0' ],
1905 silly audit   'is-date-object': [ '1.1.0' ],
1905 silly audit   'is-symbol': [ '1.1.1' ],
1905 silly audit   hasown: [ '2.0.4' ],
1905 silly audit   'is-document.all': [ '1.0.0' ],
1905 silly audit   'dunder-proto': [ '1.0.1' ],
1905 silly audit   'side-channel': [ '1.1.1' ],
1905 silly audit   'side-channel-list': [ '1.0.1' ],
1905 silly audit   'side-channel-map': [ '1.0.1' ],
1905 silly audit   'side-channel-weakmap': [ '1.0.2' ],
1905 silly audit   '@types/json5': [ '0.0.29' ],
1905 silly audit   minimist: [ '1.2.8' ],
1905 silly audit   'strip-bom': [ '3.0.0' ],
1905 silly audit   'reflect.getprototypeof': [ '1.0.10' ],
1905 silly audit   'which-builtin-type': [ '1.2.1' ],
1905 silly audit   'for-each': [ '0.3.5' ],
1905 silly audit   'possible-typed-array-names': [ '1.1.0' ],
1905 silly audit   'which-boxed-primitive': [ '1.1.1' ],
1905 silly audit   'is-bigint': [ '1.1.0' ],
1905 silly audit   'is-boolean-object': [ '1.2.2' ],
1905 silly audit   'is-number-object': [ '1.1.1' ],
1905 silly audit   'is-async-function': [ '2.1.1' ],
1905 silly audit   'is-finalizationregistry': [ '1.1.1' ],
1905 silly audit   'is-generator-function': [ '1.1.2' ],
1905 silly audit   'which-collection': [ '1.0.2' ],
1905 silly audit   'async-function': [ '1.0.0' ],
1905 silly audit   'generator-function': [ '2.0.1' ],
1905 silly audit   'is-map': [ '2.0.3' ],
1905 silly audit   'is-weakmap': [ '2.0.2' ],
1905 silly audit   'is-weakset': [ '2.0.4' ],
1905 silly audit   'aria-query': [ '5.3.2' ],
1905 silly audit   'ast-types-flow': [ '0.0.8' ],
1905 silly audit   'axe-core': [ '4.13.0' ],
1905 silly audit   'axobject-query': [ '4.1.0' ],
1905 silly audit   'damerau-levenshtein': [ '1.0.8' ],
1905 silly audit   'language-tags': [ '1.0.9' ],
1905 silly audit   'string.prototype.includes': [ '2.0.1' ],
1905 silly audit   'language-subtag-registry': [ '0.3.23' ],
1905 silly audit   'array.prototype.findlast': [ '1.2.5' ],
1905 silly audit   'array.prototype.tosorted': [ '1.1.4' ],
1905 silly audit   'es-iterator-helpers': [ '1.4.0' ],
1905 silly audit   'object.entries': [ '1.1.9' ],
1905 silly audit   'prop-types': [ '15.8.1' ],
1905 silly audit   'string.prototype.matchall': [ '4.0.12' ],
1905 silly audit   'string.prototype.repeat': [ '1.0.0' ],
1905 silly audit   'iterator.prototype': [ '1.1.5' ],
1905 silly audit   'react-is': [ '16.13.1' ],
1905 silly audit   'concat-map': [ '0.0.1' ],
1905 silly audit   'node-exports-info': [ '1.6.2' ]
1905 silly audit }
1906 http cache next@https://registry.npmjs.org/next/-/next-16.3.1.tgz 0ms (cache hit)
1907 http cache node-exports-info@https://registry.npmjs.org/node-exports-info/-/node-exports-info-1.6.2.tgz 0ms (cache hit)
1908 http cache generator-function@https://registry.npmjs.org/generator-function/-/generator-function-2.0.1.tgz 0ms (cache hit)
1909 http cache side-channel-weakmap@https://registry.npmjs.org/side-channel-weakmap/-/side-channel-weakmap-1.0.2.tgz 0ms (cache hit)
1910 http cache async-function@https://registry.npmjs.org/async-function/-/async-function-1.0.0.tgz 0ms (cache hit)
1911 http cache side-channel-list@https://registry.npmjs.org/side-channel-list/-/side-channel-list-1.0.1.tgz 0ms (cache hit)
1912 http cache side-channel-map@https://registry.npmjs.org/side-channel-map/-/side-channel-map-1.0.1.tgz 0ms (cache hit)
1913 http cache dunder-proto@https://registry.npmjs.org/dunder-proto/-/dunder-proto-1.0.1.tgz 0ms (cache hit)
1914 http cache is-document.all@https://registry.npmjs.org/is-document.all/-/is-document.all-1.0.0.tgz 0ms (cache hit)
1915 http cache es-abstract-get@https://registry.npmjs.org/es-abstract-get/-/es-abstract-get-1.0.0.tgz 0ms (cache hit)
1916 http cache set-proto@https://registry.npmjs.org/set-proto/-/set-proto-1.0.0.tgz 0ms (cache hit)
1917 http cache safe-push-apply@https://registry.npmjs.org/safe-push-apply/-/safe-push-apply-1.0.0.tgz 0ms (cache hit)
1918 http cache call-bind-apply-helpers@https://registry.npmjs.org/call-bind-apply-helpers/-/call-bind-apply-helpers-1.0.2.tgz 0ms (cache hit)
1919 http cache get-proto@https://registry.npmjs.org/get-proto/-/get-proto-1.0.1.tgz 0ms (cache hit)
1920 http cache own-keys@https://registry.npmjs.org/own-keys/-/own-keys-1.0.2.tgz 0ms (cache hit)
1921 http cache call-bound@https://registry.npmjs.org/call-bound/-/call-bound-1.0.4.tgz 0ms (cache hit)
1922 http cache @unrs/resolver-binding-darwin-arm64@https://registry.npmjs.org/@unrs/resolver-binding-darwin-arm64/-/resolver-binding-darwin-arm64-1.12.2.tgz 0ms (cache hit)
1923 http cache unrs-resolver@https://registry.npmjs.org/unrs-resolver/-/unrs-resolver-1.12.2.tgz 0ms (cache hit)
1924 http cache math-intrinsics@https://registry.npmjs.org/math-intrinsics/-/math-intrinsics-1.1.0.tgz 0ms (cache hit)
1925 http cache stable-hash@https://registry.npmjs.org/stable-hash/-/stable-hash-0.0.5.tgz 0ms (cache hit)
1926 http cache yallist@https://registry.npmjs.org/yallist/-/yallist-3.1.1.tgz 0ms (cache hit)
1927 http cache tinyglobby@https://registry.npmjs.org/tinyglobby/-/tinyglobby-0.2.17.tgz 0ms (cache hit)
1928 http cache @typescript-eslint/tsconfig-utils@https://registry.npmjs.org/@typescript-eslint/tsconfig-utils/-/tsconfig-utils-8.67.0.tgz 0ms (cache hit)
1929 http cache @typescript-eslint/project-service@https://registry.npmjs.org/@typescript-eslint/project-service/-/project-service-8.67.0.tgz 0ms (cache hit)
1930 http cache escalade@https://registry.npmjs.org/escalade/-/escalade-3.2.0.tgz 0ms (cache hit)
1931 http cache @img/sharp-wasm32@https://registry.npmjs.org/@img/sharp-wasm32/-/sharp-wasm32-0.35.3.tgz 0ms (cache hit)
1932 http cache @emnapi/runtime@https://registry.npmjs.org/@emnapi/runtime/-/runtime-1.11.3.tgz 0ms (cache hit)
1933 http cache detect-libc@https://registry.npmjs.org/detect-libc/-/detect-libc-2.1.2.tgz 0ms (cache hit)
1934 http cache sharp@https://registry.npmjs.org/sharp/-/sharp-0.35.3.tgz 0ms (cache hit)
1935 http cache @img/sharp-libvips-darwin-arm64@https://registry.npmjs.org/@img/sharp-libvips-darwin-arm64/-/sharp-libvips-darwin-arm64-1.3.2.tgz 0ms (cache hit)
1936 http cache @img/sharp-darwin-arm64@https://registry.npmjs.org/@img/sharp-darwin-arm64/-/sharp-darwin-arm64-0.35.3.tgz 0ms (cache hit)
1937 http cache @img/colour@https://registry.npmjs.org/@img/colour/-/colour-1.1.0.tgz 0ms (cache hit)
1938 http cache @types/esrecurse@https://registry.npmjs.org/@types/esrecurse/-/esrecurse-4.3.1.tgz 0ms (cache hit)
1939 http cache node-releases@https://registry.npmjs.org/node-releases/-/node-releases-2.0.53.tgz 0ms (cache hit)
1940 http cache electron-to-chromium@https://registry.npmjs.org/electron-to-chromium/-/electron-to-chromium-1.5.411.tgz 0ms (cache hit)
1941 http cache update-browserslist-db@https://registry.npmjs.org/update-browserslist-db/-/update-browserslist-db-1.3.1.tgz 0ms (cache hit)
1942 http cache @babel/helper-string-parser@https://registry.npmjs.org/@babel/helper-string-parser/-/helper-string-parser-7.29.7.tgz 0ms (cache hit)
1943 http cache @babel/helper-globals@https://registry.npmjs.org/@babel/helper-globals/-/helper-globals-7.29.7.tgz 0ms (cache hit)
1944 http cache baseline-browser-mapping@https://registry.npmjs.org/baseline-browser-mapping/-/baseline-browser-mapping-2.11.15.tgz 0ms (cache hit)
1945 http cache browserslist@https://registry.npmjs.org/browserslist/-/browserslist-4.28.8.tgz 0ms (cache hit)
1946 http cache @babel/helper-module-imports@https://registry.npmjs.org/@babel/helper-module-imports/-/helper-module-imports-7.29.7.tgz 0ms (cache hit)
1947 http cache @babel/helper-validator-option@https://registry.npmjs.org/@babel/helper-validator-option/-/helper-validator-option-7.29.7.tgz 0ms (cache hit)
1948 http cache hermes-estree@https://registry.npmjs.org/hermes-estree/-/hermes-estree-0.25.1.tgz 0ms (cache hit)
1949 http cache @babel/compat-data@https://registry.npmjs.org/@babel/compat-data/-/compat-data-7.29.7.tgz 0ms (cache hit)
1950 http cache jsesc@https://registry.npmjs.org/jsesc/-/jsesc-3.1.0.tgz 0ms (cache hit)
1951 http cache napi-postinstall@https://registry.npmjs.org/napi-postinstall/-/napi-postinstall-0.3.4.tgz 0ms (cache hit)
1952 http cache convert-source-map@https://registry.npmjs.org/convert-source-map/-/convert-source-map-2.0.0.tgz 0ms (cache hit)
1953 http cache @jridgewell/remapping@https://registry.npmjs.org/@jridgewell/remapping/-/remapping-2.3.5.tgz 0ms (cache hit)
1954 http cache @babel/types@https://registry.npmjs.org/@babel/types/-/types-7.29.8.tgz 0ms (cache hit)
1955 http cache @babel/template@https://registry.npmjs.org/@babel/template/-/template-7.29.7.tgz 0ms (cache hit)
1956 http cache @babel/traverse@https://registry.npmjs.org/@babel/traverse/-/traverse-7.29.8.tgz 0ms (cache hit)
1957 http cache @babel/helpers@https://registry.npmjs.org/@babel/helpers/-/helpers-7.29.7.tgz 0ms (cache hit)
1958 http cache gensync@https://registry.npmjs.org/gensync/-/gensync-1.0.0-beta.2.tgz 0ms (cache hit)
1959 http cache @babel/helper-module-transforms@https://registry.npmjs.org/@babel/helper-module-transforms/-/helper-module-transforms-7.29.7.tgz 0ms (cache hit)
1960 http cache @babel/generator@https://registry.npmjs.org/@babel/generator/-/generator-7.29.8.tgz 0ms (cache hit)
1961 http cache @babel/helper-compilation-targets@https://registry.npmjs.org/@babel/helper-compilation-targets/-/helper-compilation-targets-7.29.7.tgz 0ms (cache hit)
1962 http cache zod-validation-error@https://registry.npmjs.org/zod-validation-error/-/zod-validation-error-4.0.2.tgz 0ms (cache hit)
1963 http cache hermes-parser@https://registry.npmjs.org/hermes-parser/-/hermes-parser-0.25.1.tgz 0ms (cache hit)
1964 http cache @babel/helper-validator-identifier@https://registry.npmjs.org/@babel/helper-validator-identifier/-/helper-validator-identifier-7.29.7.tgz 0ms (cache hit)
1965 http cache @babel/code-frame@https://registry.npmjs.org/@babel/code-frame/-/code-frame-7.29.7.tgz 0ms (cache hit)
1966 http cache typescript-eslint@https://registry.npmjs.org/typescript-eslint/-/typescript-eslint-8.67.0.tgz 0ms (cache hit)
1967 http cache @babel/core@https://registry.npmjs.org/@babel/core/-/core-7.29.7.tgz 0ms (cache hit)
1968 http cache @eslint/object-schema@https://registry.npmjs.org/@eslint/object-schema/-/object-schema-3.0.5.tgz 0ms (cache hit)
1969 http cache @babel/parser@https://registry.npmjs.org/@babel/parser/-/parser-7.29.8.tgz 0ms (cache hit)
1970 http cache @humanfs/core@https://registry.npmjs.org/@humanfs/core/-/core-0.19.2.tgz 0ms (cache hit)
1971 http cache @humanfs/types@https://registry.npmjs.org/@humanfs/types/-/types-0.15.0.tgz 0ms (cache hit)
1972 http cache zod@https://registry.npmjs.org/zod/-/zod-4.4.3.tgz 0ms (cache hit)
1973 http cache @humanwhocodes/retry@https://registry.npmjs.org/@humanwhocodes/retry/-/retry-0.4.3.tgz 0ms (cache hit)
1974 http cache @eslint/config-helpers@https://registry.npmjs.org/@eslint/config-helpers/-/config-helpers-0.7.0.tgz 0ms (cache hit)
1975 http cache @eslint/core@https://registry.npmjs.org/@eslint/core/-/core-1.2.1.tgz 0ms (cache hit)
1976 http cache @eslint/config-array@https://registry.npmjs.org/@eslint/config-array/-/config-array-0.23.5.tgz 0ms (cache hit)
1977 http cache @humanfs/node@https://registry.npmjs.org/@humanfs/node/-/node-0.16.8.tgz 0ms (cache hit)
1978 http cache which-builtin-type@https://registry.npmjs.org/which-builtin-type/-/which-builtin-type-1.2.1.tgz 0ms (cache hit)
1979 http cache which-typed-array@https://registry.npmjs.org/which-typed-array/-/which-typed-array-1.1.22.tgz 0ms (cache hit)
1980 http cache which-boxed-primitive@https://registry.npmjs.org/which-boxed-primitive/-/which-boxed-primitive-1.1.1.tgz 0ms (cache hit)
1981 http cache typed-array-byte-offset@https://registry.npmjs.org/typed-array-byte-offset/-/typed-array-byte-offset-1.0.4.tgz 0ms (cache hit)
1982 http cache typed-array-length@https://registry.npmjs.org/typed-array-length/-/typed-array-length-1.0.8.tgz 0ms (cache hit)
1983 http cache @eslint/plugin-kit@https://registry.npmjs.org/@eslint/plugin-kit/-/plugin-kit-0.7.2.tgz 0ms (cache hit)
1984 http cache unbox-primitive@https://registry.npmjs.org/unbox-primitive/-/unbox-primitive-1.1.0.tgz 0ms (cache hit)
1985 http cache tslib@https://registry.npmjs.org/tslib/-/tslib-2.8.1.tgz 0ms (cache hit)
1986 http cache styled-jsx@https://registry.npmjs.org/styled-jsx/-/styled-jsx-5.1.6.tgz 0ms (cache hit)
1987 http cache string.prototype.trimend@https://registry.npmjs.org/string.prototype.trimend/-/string.prototype.trimend-1.0.10.tgz 0ms (cache hit)
1988 http cache typed-array-buffer@https://registry.npmjs.org/typed-array-buffer/-/typed-array-buffer-1.0.3.tgz 0ms (cache hit)
1989 http cache string.prototype.trim@https://registry.npmjs.org/string.prototype.trim/-/string.prototype.trim-1.2.11.tgz 0ms (cache hit)
1990 http cache typed-array-byte-length@https://registry.npmjs.org/typed-array-byte-length/-/typed-array-byte-length-1.0.3.tgz 0ms (cache hit)
1991 http cache string.prototype.matchall@https://registry.npmjs.org/string.prototype.matchall/-/string.prototype.matchall-4.0.12.tgz 0ms (cache hit)
1992 http cache ts-api-utils@https://registry.npmjs.org/ts-api-utils/-/ts-api-utils-2.5.0.tgz 0ms (cache hit)
1993 http cache string.prototype.includes@https://registry.npmjs.org/string.prototype.includes/-/string.prototype.includes-2.0.1.tgz 0ms (cache hit)
1994 http cache stop-iteration-iterator@https://registry.npmjs.org/stop-iteration-iterator/-/stop-iteration-iterator-1.1.0.tgz 0ms (cache hit)
1995 http cache semver@https://registry.npmjs.org/semver/-/semver-7.8.5.tgz 0ms (cache hit)
1996 http cache side-channel@https://registry.npmjs.org/side-channel/-/side-channel-1.1.1.tgz 0ms (cache hit)
1997 http cache safe-regex-test@https://registry.npmjs.org/safe-regex-test/-/safe-regex-test-1.1.0.tgz 0ms (cache hit)
1998 http cache regexp.prototype.flags@https://registry.npmjs.org/regexp.prototype.flags/-/regexp.prototype.flags-1.5.4.tgz 0ms (cache hit)
1999 http cache reflect.getprototypeof@https://registry.npmjs.org/reflect.getprototypeof/-/reflect.getprototypeof-1.0.10.tgz 0ms (cache hit)
2000 http cache possible-typed-array-names@https://registry.npmjs.org/possible-typed-array-names/-/possible-typed-array-names-1.1.0.tgz 0ms (cache hit)
2001 http cache object.values@https://registry.npmjs.org/object.values/-/object.values-1.2.1.tgz 0ms (cache hit)
2002 http cache picocolors@https://registry.npmjs.org/picocolors/-/picocolors-1.1.1.tgz 0ms (cache hit)
2003 http cache safe-array-concat@https://registry.npmjs.org/safe-array-concat/-/safe-array-concat-1.1.4.tgz 0ms (cache hit)
2004 http cache object.entries@https://registry.npmjs.org/object.entries/-/object.entries-1.1.9.tgz 0ms (cache hit)
2005 http cache object.assign@https://registry.npmjs.org/object.assign/-/object.assign-4.1.7.tgz 0ms (cache hit)
2006 http cache object-inspect@https://registry.npmjs.org/object-inspect/-/object-inspect-1.13.4.tgz 0ms (cache hit)
2007 http cache minimatch@https://registry.npmjs.org/minimatch/-/minimatch-10.2.6.tgz 0ms (cache hit)
2008 http cache nanoid@https://registry.npmjs.org/nanoid/-/nanoid-3.3.18.tgz 0ms (cache hit)
2009 http cache json5@https://registry.npmjs.org/json5/-/json5-2.2.3.tgz 0ms (cache hit)
2010 http cache postcss@https://registry.npmjs.org/postcss/-/postcss-8.5.23.tgz 0ms (cache hit)
2011 http cache iterator.prototype@https://registry.npmjs.org/iterator.prototype/-/iterator.prototype-1.1.5.tgz 0ms (cache hit)
2012 http cache is-weakref@https://registry.npmjs.org/is-weakref/-/is-weakref-1.1.1.tgz 0ms (cache hit)
2013 http cache is-weakset@https://registry.npmjs.org/is-weakset/-/is-weakset-2.0.4.tgz 0ms (cache hit)
2014 http cache is-typed-array@https://registry.npmjs.org/is-typed-array/-/is-typed-array-1.1.15.tgz 0ms (cache hit)
2015 http cache is-symbol@https://registry.npmjs.org/is-symbol/-/is-symbol-1.1.1.tgz 0ms (cache hit)
2016 http cache is-number-object@https://registry.npmjs.org/is-number-object/-/is-number-object-1.1.1.tgz 0ms (cache hit)
2017 http cache is-regex@https://registry.npmjs.org/is-regex/-/is-regex-1.2.1.tgz 0ms (cache hit)
2018 http cache is-string@https://registry.npmjs.org/is-string/-/is-string-1.1.1.tgz 0ms (cache hit)
2019 http cache is-finalizationregistry@https://registry.npmjs.org/is-finalizationregistry/-/is-finalizationregistry-1.1.1.tgz 0ms (cache hit)
2020 http cache is-date-object@https://registry.npmjs.org/is-date-object/-/is-date-object-1.1.0.tgz 0ms (cache hit)
2021 http cache is-generator-function@https://registry.npmjs.org/is-generator-function/-/is-generator-function-1.1.2.tgz 0ms (cache hit)
2022 http cache is-core-module@https://registry.npmjs.org/is-core-module/-/is-core-module-2.16.2.tgz 0ms (cache hit)
2023 http cache is-data-view@https://registry.npmjs.org/is-data-view/-/is-data-view-1.0.2.tgz 0ms (cache hit)
2024 http cache is-shared-array-buffer@https://registry.npmjs.org/is-shared-array-buffer/-/is-shared-array-buffer-1.0.4.tgz 0ms (cache hit)
2025 http cache is-bun-module@https://registry.npmjs.org/is-bun-module/-/is-bun-module-2.0.0.tgz 0ms (cache hit)
2026 http cache is-async-function@https://registry.npmjs.org/is-async-function/-/is-async-function-2.1.1.tgz 0ms (cache hit)
2027 silly tarball no local data for next@https://registry.npmjs.org/next/-/next-16.3.1.tgz. Extracting by manifest.
2028 http cache is-array-buffer@https://registry.npmjs.org/is-array-buffer/-/is-array-buffer-3.0.5.tgz 0ms (cache hit)
2029 http cache hasown@https://registry.npmjs.org/hasown/-/hasown-2.0.4.tgz 0ms (cache hit)
2030 http cache is-boolean-object@https://registry.npmjs.org/is-boolean-object/-/is-boolean-object-1.2.2.tgz 0ms (cache hit)
2031 http cache internal-slot@https://registry.npmjs.org/internal-slot/-/internal-slot-1.1.0.tgz 0ms (cache hit)
2032 http cache is-bigint@https://registry.npmjs.org/is-bigint/-/is-bigint-1.1.0.tgz 0ms (cache hit)
2033 http cache has-symbols@https://registry.npmjs.org/has-symbols/-/has-symbols-1.1.0.tgz 0ms (cache hit)
2034 http cache gopd@https://registry.npmjs.org/gopd/-/gopd-1.2.0.tgz 0ms (cache hit)
2035 http cache has-proto@https://registry.npmjs.org/has-proto/-/has-proto-1.2.0.tgz 0ms (cache hit)
2036 http cache get-tsconfig@https://registry.npmjs.org/get-tsconfig/-/get-tsconfig-4.14.3.tgz 0ms (cache hit)
2037 http cache get-symbol-description@https://registry.npmjs.org/get-symbol-description/-/get-symbol-description-1.1.0.tgz 0ms (cache hit)
2038 http cache globals@https://registry.npmjs.org/globals/-/globals-16.4.0.tgz 0ms (cache hit)
2039 http cache function.prototype.name@https://registry.npmjs.org/function.prototype.name/-/function.prototype.name-1.2.0.tgz 0ms (cache hit)
2040 http cache for-each@https://registry.npmjs.org/for-each/-/for-each-0.3.5.tgz 0ms (cache hit)
2041 http cache get-intrinsic@https://registry.npmjs.org/get-intrinsic/-/get-intrinsic-1.3.0.tgz 0ms (cache hit)
2042 http cache flatted@https://registry.npmjs.org/flatted/-/flatted-3.4.4.tgz 0ms (cache hit)
2043 http cache file-entry-cache@https://registry.npmjs.org/file-entry-cache/-/file-entry-cache-8.0.0.tgz 0ms (cache hit)
2044 http cache espree@https://registry.npmjs.org/espree/-/espree-11.2.0.tgz 0ms (cache hit)
2045 http cache esquery@https://registry.npmjs.org/esquery/-/esquery-1.7.0.tgz 0ms (cache hit)
2046 http cache eslint-scope@https://registry.npmjs.org/eslint-scope/-/eslint-scope-9.1.2.tgz 0ms (cache hit)
2047 http cache flat-cache@https://registry.npmjs.org/flat-cache/-/flat-cache-4.0.1.tgz 0ms (cache hit)
2048 http cache eslint-config-next@https://registry.npmjs.org/eslint-config-next/-/eslint-config-next-16.3.1.tgz 0ms (cache hit)
2049 http cache eslint@https://registry.npmjs.org/eslint/-/eslint-10.8.1.tgz 0ms (cache hit)
2050 http cache eslint-plugin-react-hooks@https://registry.npmjs.org/eslint-plugin-react-hooks/-/eslint-plugin-react-hooks-7.1.1.tgz 0ms (cache hit)
2051 http cache es-to-primitive@https://registry.npmjs.org/es-to-primitive/-/es-to-primitive-1.3.4.tgz 0ms (cache hit)
2052 http cache es-shim-unscopables@https://registry.npmjs.org/es-shim-unscopables/-/es-shim-unscopables-1.1.0.tgz 0ms (cache hit)
2053 http cache eslint-module-utils@https://registry.npmjs.org/eslint-module-utils/-/eslint-module-utils-2.14.0.tgz 0ms (cache hit)
2054 http cache es-set-tostringtag@https://registry.npmjs.org/es-set-tostringtag/-/es-set-tostringtag-2.1.0.tgz 0ms (cache hit)
2055 http cache es-object-atoms@https://registry.npmjs.org/es-object-atoms/-/es-object-atoms-1.1.2.tgz 0ms (cache hit)
2056 http cache es-iterator-helpers@https://registry.npmjs.org/es-iterator-helpers/-/es-iterator-helpers-1.4.0.tgz 0ms (cache hit)
2057 http cache es-abstract@https://registry.npmjs.org/es-abstract/-/es-abstract-1.24.2.tgz 0ms (cache hit)
2058 http cache doctrine@https://registry.npmjs.org/doctrine/-/doctrine-2.1.0.tgz 0ms (cache hit)
2059 http cache data-view-byte-length@https://registry.npmjs.org/data-view-byte-length/-/data-view-byte-length-1.0.2.tgz 0ms (cache hit)
2060 http cache es-define-property@https://registry.npmjs.org/es-define-property/-/es-define-property-1.0.1.tgz 0ms (cache hit)
2061 http cache data-view-byte-offset@https://registry.npmjs.org/data-view-byte-offset/-/data-view-byte-offset-1.0.1.tgz 0ms (cache hit)
2062 http cache cross-spawn@https://registry.npmjs.org/cross-spawn/-/cross-spawn-7.0.6.tgz 0ms (cache hit)
2063 http cache caniuse-lite@https://registry.npmjs.org/caniuse-lite/-/caniuse-lite-1.0.30001809.tgz 0ms (cache hit)
2064 http cache data-view-buffer@https://registry.npmjs.org/data-view-buffer/-/data-view-buffer-1.0.2.tgz 0ms (cache hit)
2065 http cache call-bind@https://registry.npmjs.org/call-bind/-/call-bind-1.0.9.tgz 0ms (cache hit)
2066 http cache axe-core@https://registry.npmjs.org/axe-core/-/axe-core-4.13.0.tgz 0ms (cache hit)
2067 http cache brace-expansion@https://registry.npmjs.org/brace-expansion/-/brace-expansion-5.0.9.tgz 0ms (cache hit)
2068 http cache arraybuffer.prototype.slice@https://registry.npmjs.org/arraybuffer.prototype.slice/-/arraybuffer.prototype.slice-1.0.4.tgz 0ms (cache hit)
2069 http cache array.prototype.flatmap@https://registry.npmjs.org/array.prototype.flatmap/-/array.prototype.flatmap-1.3.3.tgz 0ms (cache hit)
2070 http cache array-includes@https://registry.npmjs.org/array-includes/-/array-includes-3.1.9.tgz 0ms (cache hit)
2071 http cache array-buffer-byte-length@https://registry.npmjs.org/array-buffer-byte-length/-/array-buffer-byte-length-1.0.2.tgz 0ms (cache hit)
2072 http cache array.prototype.findlastindex@https://registry.npmjs.org/array.prototype.findlastindex/-/array.prototype.findlastindex-1.2.6.tgz 0ms (cache hit)
2073 http cache array.prototype.flat@https://registry.npmjs.org/array.prototype.flat/-/array.prototype.flat-1.3.3.tgz 0ms (cache hit)
2074 http cache ajv@https://registry.npmjs.org/ajv/-/ajv-6.15.0.tgz 0ms (cache hit)
2075 http cache @typescript-eslint/visitor-keys@https://registry.npmjs.org/@typescript-eslint/visitor-keys/-/visitor-keys-8.67.0.tgz 0ms (cache hit)
2076 http cache acorn@https://registry.npmjs.org/acorn/-/acorn-8.18.0.tgz 0ms (cache hit)
2077 http cache @typescript-eslint/utils@https://registry.npmjs.org/@typescript-eslint/utils/-/utils-8.67.0.tgz 0ms (cache hit)
2078 http cache @typescript-eslint/typescript-estree@https://registry.npmjs.org/@typescript-eslint/typescript-estree/-/typescript-estree-8.67.0.tgz 0ms (cache hit)
2079 http cache @typescript-eslint/type-utils@https://registry.npmjs.org/@typescript-eslint/type-utils/-/type-utils-8.67.0.tgz 0ms (cache hit)
2080 http cache @typescript-eslint/types@https://registry.npmjs.org/@typescript-eslint/types/-/types-8.67.0.tgz 0ms (cache hit)
2081 http cache aria-query@https://registry.npmjs.org/aria-query/-/aria-query-5.3.2.tgz 0ms (cache hit)
2082 http cache @typescript-eslint/eslint-plugin@https://registry.npmjs.org/@typescript-eslint/eslint-plugin/-/eslint-plugin-8.67.0.tgz 0ms (cache hit)
2083 http cache @swc/helpers@https://registry.npmjs.org/@swc/helpers/-/helpers-0.5.23.tgz 0ms (cache hit)
2084 http cache @typescript-eslint/parser@https://registry.npmjs.org/@typescript-eslint/parser/-/parser-8.67.0.tgz 0ms (cache hit)
2085 http cache @next/swc-darwin-arm64@https://registry.npmjs.org/@next/swc-darwin-arm64/-/swc-darwin-arm64-16.3.1.tgz 0ms (cache hit)
2086 http cache @next/env@https://registry.npmjs.org/@next/env/-/env-16.3.1.tgz 0ms (cache hit)
2087 http cache @jridgewell/trace-mapping@https://registry.npmjs.org/@jridgewell/trace-mapping/-/trace-mapping-0.3.31.tgz 0ms (cache hit)
2088 http cache @jridgewell/gen-mapping@https://registry.npmjs.org/@jridgewell/gen-mapping/-/gen-mapping-0.3.13.tgz 0ms (cache hit)
2089 http cache @next/eslint-plugin-next@https://registry.npmjs.org/@next/eslint-plugin-next/-/eslint-plugin-next-16.3.1.tgz 0ms (cache hit)
2090 http cache @eslint-community/regexpp@https://registry.npmjs.org/@eslint-community/regexpp/-/regexpp-4.12.2.tgz 0ms (cache hit)
2091 http cache @eslint-community/eslint-utils@https://registry.npmjs.org/@eslint-community/eslint-utils/-/eslint-utils-4.10.1.tgz 0ms (cache hit)
2092 http cache semver@https://registry.npmjs.org/semver/-/semver-6.3.1.tgz 0ms (cache hit)
2093 http cache @typescript-eslint/scope-manager@https://registry.npmjs.org/@typescript-eslint/scope-manager/-/scope-manager-8.67.0.tgz 0ms (cache hit)
2094 http cache picomatch@https://registry.npmjs.org/picomatch/-/picomatch-4.0.5.tgz 0ms (cache hit)
2095 http cache debug@https://registry.npmjs.org/debug/-/debug-4.4.3.tgz 0ms (cache hit)
2096 http cache lru-cache@https://registry.npmjs.org/lru-cache/-/lru-cache-5.1.1.tgz 0ms (cache hit)
2097 http cache fdir@https://registry.npmjs.org/fdir/-/fdir-6.5.0.tgz 0ms (cache hit)
2098 http cache json5@https://registry.npmjs.org/json5/-/json5-1.0.2.tgz 0ms (cache hit)
2099 http cache semver@https://registry.npmjs.org/semver/-/semver-6.3.1.tgz 0ms (cache hit)
2100 http cache eslint-visitor-keys@https://registry.npmjs.org/eslint-visitor-keys/-/eslint-visitor-keys-5.0.1.tgz 0ms (cache hit)
2101 http cache resolve@https://registry.npmjs.org/resolve/-/resolve-2.0.0-next.7.tgz 0ms (cache hit)
2102 http cache semver@https://registry.npmjs.org/semver/-/semver-6.3.1.tgz 0ms (cache hit)
2103 http cache brace-expansion@https://registry.npmjs.org/brace-expansion/-/brace-expansion-1.1.18.tgz 0ms (cache hit)
2104 http cache debug@https://registry.npmjs.org/debug/-/debug-4.4.3.tgz 0ms (cache hit)
2105 http cache minimatch@https://registry.npmjs.org/minimatch/-/minimatch-3.1.5.tgz 0ms (cache hit)
2106 http cache eslint-plugin-react@https://registry.npmjs.org/eslint-plugin-react/-/eslint-plugin-react-7.37.5.tgz 0ms (cache hit)
2107 http cache semver@https://registry.npmjs.org/semver/-/semver-6.3.1.tgz 0ms (cache hit)
2108 http cache eslint-plugin-import@https://registry.npmjs.org/eslint-plugin-import/-/eslint-plugin-import-2.32.0.tgz 0ms (cache hit)
2109 http cache eslint-plugin-jsx-a11y@https://registry.npmjs.org/eslint-plugin-jsx-a11y/-/eslint-plugin-jsx-a11y-6.10.2.tgz 0ms (cache hit)
2110 http cache eslint-import-resolver-typescript@https://registry.npmjs.org/eslint-import-resolver-typescript/-/eslint-import-resolver-typescript-3.10.1.tgz 0ms (cache hit)
2111 http cache debug@https://registry.npmjs.org/debug/-/debug-3.2.7.tgz 0ms (cache hit)
2112 http cache balanced-match@https://registry.npmjs.org/balanced-match/-/balanced-match-4.0.4.tgz 0ms (cache hit)
2113 http cache eslint-visitor-keys@https://registry.npmjs.org/eslint-visitor-keys/-/eslint-visitor-keys-5.0.1.tgz 0ms (cache hit)
2114 http cache debug@https://registry.npmjs.org/debug/-/debug-4.4.3.tgz 0ms (cache hit)
2115 http cache eslint-visitor-keys@https://registry.npmjs.org/eslint-visitor-keys/-/eslint-visitor-keys-5.0.1.tgz 0ms (cache hit)
2116 http cache debug@https://registry.npmjs.org/debug/-/debug-4.4.3.tgz 0ms (cache hit)
2117 http cache ignore@https://registry.npmjs.org/ignore/-/ignore-7.0.6.tgz 0ms (cache hit)
2118 http cache debug@https://registry.npmjs.org/debug/-/debug-4.4.3.tgz 0ms (cache hit)
2119 http cache glob-parent@https://registry.npmjs.org/glob-parent/-/glob-parent-5.1.2.tgz 0ms (cache hit)
2120 http cache fast-glob@https://registry.npmjs.org/fast-glob/-/fast-glob-3.3.1.tgz 0ms (cache hit)
2121 silly tarball no local data for node-exports-info@https://registry.npmjs.org/node-exports-info/-/node-exports-info-1.6.2.tgz. Extracting by manifest.
2122 http cache source-map-js@https://registry.npmjs.org/source-map-js/-/source-map-js-1.2.1.tgz 0ms (cache hit)
2123 http cache @eslint-community/eslint-utils@https://registry.npmjs.org/@eslint-community/eslint-utils/-/eslint-utils-4.9.1.tgz 0ms (cache hit)
2124 silly tarball no local data for generator-function@https://registry.npmjs.org/generator-function/-/generator-function-2.0.1.tgz. Extracting by manifest.
2125 silly tarball no local data for side-channel-weakmap@https://registry.npmjs.org/side-channel-weakmap/-/side-channel-weakmap-1.0.2.tgz. Extracting by manifest.
2126 silly tarball no local data for async-function@https://registry.npmjs.org/async-function/-/async-function-1.0.0.tgz. Extracting by manifest.
2127 silly tarball no local data for side-channel-list@https://registry.npmjs.org/side-channel-list/-/side-channel-list-1.0.1.tgz. Extracting by manifest.
2128 silly tarball no local data for side-channel-map@https://registry.npmjs.org/side-channel-map/-/side-channel-map-1.0.1.tgz. Extracting by manifest.
2129 silly tarball no local data for dunder-proto@https://registry.npmjs.org/dunder-proto/-/dunder-proto-1.0.1.tgz. Extracting by manifest.
2130 silly tarball no local data for is-document.all@https://registry.npmjs.org/is-document.all/-/is-document.all-1.0.0.tgz. Extracting by manifest.
2131 silly tarball no local data for es-abstract-get@https://registry.npmjs.org/es-abstract-get/-/es-abstract-get-1.0.0.tgz. Extracting by manifest.
2132 silly tarball no local data for set-proto@https://registry.npmjs.org/set-proto/-/set-proto-1.0.0.tgz. Extracting by manifest.
2133 silly tarball no local data for safe-push-apply@https://registry.npmjs.org/safe-push-apply/-/safe-push-apply-1.0.0.tgz. Extracting by manifest.
2134 silly tarball no local data for call-bind-apply-helpers@https://registry.npmjs.org/call-bind-apply-helpers/-/call-bind-apply-helpers-1.0.2.tgz. Extracting by manifest.
2135 silly tarball no local data for get-proto@https://registry.npmjs.org/get-proto/-/get-proto-1.0.1.tgz. Extracting by manifest.
2136 silly tarball no local data for own-keys@https://registry.npmjs.org/own-keys/-/own-keys-1.0.2.tgz. Extracting by manifest.
2137 silly tarball no local data for call-bound@https://registry.npmjs.org/call-bound/-/call-bound-1.0.4.tgz. Extracting by manifest.
2138 silly tarball no local data for @unrs/resolver-binding-darwin-arm64@https://registry.npmjs.org/@unrs/resolver-binding-darwin-arm64/-/resolver-binding-darwin-arm64-1.12.2.tgz. Extracting by manifest.
2139 silly tarball no local data for unrs-resolver@https://registry.npmjs.org/unrs-resolver/-/unrs-resolver-1.12.2.tgz. Extracting by manifest.
2140 silly tarball no local data for math-intrinsics@https://registry.npmjs.org/math-intrinsics/-/math-intrinsics-1.1.0.tgz. Extracting by manifest.
2141 silly tarball no local data for stable-hash@https://registry.npmjs.org/stable-hash/-/stable-hash-0.0.5.tgz. Extracting by manifest.
2142 silly tarball no local data for yallist@https://registry.npmjs.org/yallist/-/yallist-3.1.1.tgz. Extracting by manifest.
2143 silly tarball no local data for tinyglobby@https://registry.npmjs.org/tinyglobby/-/tinyglobby-0.2.17.tgz. Extracting by manifest.
2144 silly tarball no local data for @typescript-eslint/tsconfig-utils@https://registry.npmjs.org/@typescript-eslint/tsconfig-utils/-/tsconfig-utils-8.67.0.tgz. Extracting by manifest.
2145 silly tarball no local data for @typescript-eslint/project-service@https://registry.npmjs.org/@typescript-eslint/project-service/-/project-service-8.67.0.tgz. Extracting by manifest.
2146 silly tarball no local data for escalade@https://registry.npmjs.org/escalade/-/escalade-3.2.0.tgz. Extracting by manifest.
2147 silly tarball no local data for @img/sharp-wasm32@https://registry.npmjs.org/@img/sharp-wasm32/-/sharp-wasm32-0.35.3.tgz. Extracting by manifest.
2148 silly tarball no local data for @emnapi/runtime@https://registry.npmjs.org/@emnapi/runtime/-/runtime-1.11.3.tgz. Extracting by manifest.
2149 silly tarball no local data for detect-libc@https://registry.npmjs.org/detect-libc/-/detect-libc-2.1.2.tgz. Extracting by manifest.
2150 silly tarball no local data for sharp@https://registry.npmjs.org/sharp/-/sharp-0.35.3.tgz. Extracting by manifest.
2151 silly tarball no local data for @img/sharp-libvips-darwin-arm64@https://registry.npmjs.org/@img/sharp-libvips-darwin-arm64/-/sharp-libvips-darwin-arm64-1.3.2.tgz. Extracting by manifest.
2152 silly tarball no local data for @img/sharp-darwin-arm64@https://registry.npmjs.org/@img/sharp-darwin-arm64/-/sharp-darwin-arm64-0.35.3.tgz. Extracting by manifest.
2153 silly tarball no local data for @img/colour@https://registry.npmjs.org/@img/colour/-/colour-1.1.0.tgz. Extracting by manifest.
2154 silly tarball no local data for @types/esrecurse@https://registry.npmjs.org/@types/esrecurse/-/esrecurse-4.3.1.tgz. Extracting by manifest.
2155 silly tarball no local data for node-releases@https://registry.npmjs.org/node-releases/-/node-releases-2.0.53.tgz. Extracting by manifest.
2156 silly tarball no local data for electron-to-chromium@https://registry.npmjs.org/electron-to-chromium/-/electron-to-chromium-1.5.411.tgz. Extracting by manifest.
2157 silly tarball no local data for update-browserslist-db@https://registry.npmjs.org/update-browserslist-db/-/update-browserslist-db-1.3.1.tgz. Extracting by manifest.
2158 silly tarball no local data for @babel/helper-string-parser@https://registry.npmjs.org/@babel/helper-string-parser/-/helper-string-parser-7.29.7.tgz. Extracting by manifest.
2159 silly tarball no local data for @babel/helper-globals@https://registry.npmjs.org/@babel/helper-globals/-/helper-globals-7.29.7.tgz. Extracting by manifest.
2160 silly tarball no local data for baseline-browser-mapping@https://registry.npmjs.org/baseline-browser-mapping/-/baseline-browser-mapping-2.11.15.tgz. Extracting by manifest.
2161 silly tarball no local data for browserslist@https://registry.npmjs.org/browserslist/-/browserslist-4.28.8.tgz. Extracting by manifest.
2162 silly tarball no local data for @babel/helper-module-imports@https://registry.npmjs.org/@babel/helper-module-imports/-/helper-module-imports-7.29.7.tgz. Extracting by manifest.
2163 silly tarball no local data for @babel/helper-validator-option@https://registry.npmjs.org/@babel/helper-validator-option/-/helper-validator-option-7.29.7.tgz. Extracting by manifest.
2164 silly tarball no local data for hermes-estree@https://registry.npmjs.org/hermes-estree/-/hermes-estree-0.25.1.tgz. Extracting by manifest.
2165 silly tarball no local data for @babel/compat-data@https://registry.npmjs.org/@babel/compat-data/-/compat-data-7.29.7.tgz. Extracting by manifest.
2166 silly tarball no local data for jsesc@https://registry.npmjs.org/jsesc/-/jsesc-3.1.0.tgz. Extracting by manifest.
2167 silly tarball no local data for napi-postinstall@https://registry.npmjs.org/napi-postinstall/-/napi-postinstall-0.3.4.tgz. Extracting by manifest.
2168 silly tarball no local data for convert-source-map@https://registry.npmjs.org/convert-source-map/-/convert-source-map-2.0.0.tgz. Extracting by manifest.
2169 silly tarball no local data for @jridgewell/remapping@https://registry.npmjs.org/@jridgewell/remapping/-/remapping-2.3.5.tgz. Extracting by manifest.
2170 silly tarball no local data for @babel/types@https://registry.npmjs.org/@babel/types/-/types-7.29.8.tgz. Extracting by manifest.
2171 silly tarball no local data for @babel/template@https://registry.npmjs.org/@babel/template/-/template-7.29.7.tgz. Extracting by manifest.
2172 silly tarball no local data for @babel/traverse@https://registry.npmjs.org/@babel/traverse/-/traverse-7.29.8.tgz. Extracting by manifest.
2173 silly tarball no local data for @babel/helpers@https://registry.npmjs.org/@babel/helpers/-/helpers-7.29.7.tgz. Extracting by manifest.
2174 silly tarball no local data for gensync@https://registry.npmjs.org/gensync/-/gensync-1.0.0-beta.2.tgz. Extracting by manifest.
2175 silly tarball no local data for @babel/helper-module-transforms@https://registry.npmjs.org/@babel/helper-module-transforms/-/helper-module-transforms-7.29.7.tgz. Extracting by manifest.
2176 silly tarball no local data for @babel/generator@https://registry.npmjs.org/@babel/generator/-/generator-7.29.8.tgz. Extracting by manifest.
2177 silly tarball no local data for @babel/helper-compilation-targets@https://registry.npmjs.org/@babel/helper-compilation-targets/-/helper-compilation-targets-7.29.7.tgz. Extracting by manifest.
2178 silly tarball no local data for zod-validation-error@https://registry.npmjs.org/zod-validation-error/-/zod-validation-error-4.0.2.tgz. Extracting by manifest.
2179 silly tarball no local data for hermes-parser@https://registry.npmjs.org/hermes-parser/-/hermes-parser-0.25.1.tgz. Extracting by manifest.
2180 silly tarball no local data for @babel/helper-validator-identifier@https://registry.npmjs.org/@babel/helper-validator-identifier/-/helper-validator-identifier-7.29.7.tgz. Extracting by manifest.
2181 silly tarball no local data for @babel/code-frame@https://registry.npmjs.org/@babel/code-frame/-/code-frame-7.29.7.tgz. Extracting by manifest.
2182 silly tarball no local data for typescript-eslint@https://registry.npmjs.org/typescript-eslint/-/typescript-eslint-8.67.0.tgz. Extracting by manifest.
2183 silly tarball no local data for @babel/core@https://registry.npmjs.org/@babel/core/-/core-7.29.7.tgz. Extracting by manifest.
2184 silly tarball no local data for @eslint/object-schema@https://registry.npmjs.org/@eslint/object-schema/-/object-schema-3.0.5.tgz. Extracting by manifest.
2185 silly tarball no local data for @babel/parser@https://registry.npmjs.org/@babel/parser/-/parser-7.29.8.tgz. Extracting by manifest.
2186 silly tarball no local data for @humanfs/core@https://registry.npmjs.org/@humanfs/core/-/core-0.19.2.tgz. Extracting by manifest.
2187 silly tarball no local data for @humanfs/types@https://registry.npmjs.org/@humanfs/types/-/types-0.15.0.tgz. Extracting by manifest.
2188 silly tarball no local data for zod@https://registry.npmjs.org/zod/-/zod-4.4.3.tgz. Extracting by manifest.
2189 silly tarball no local data for @humanwhocodes/retry@https://registry.npmjs.org/@humanwhocodes/retry/-/retry-0.4.3.tgz. Extracting by manifest.
2190 silly tarball no local data for @eslint/config-helpers@https://registry.npmjs.org/@eslint/config-helpers/-/config-helpers-0.7.0.tgz. Extracting by manifest.
2191 silly tarball no local data for @eslint/core@https://registry.npmjs.org/@eslint/core/-/core-1.2.1.tgz. Extracting by manifest.
2192 silly tarball no local data for @eslint/config-array@https://registry.npmjs.org/@eslint/config-array/-/config-array-0.23.5.tgz. Extracting by manifest.
2193 silly tarball no local data for @humanfs/node@https://registry.npmjs.org/@humanfs/node/-/node-0.16.8.tgz. Extracting by manifest.
2194 silly tarball no local data for which-builtin-type@https://registry.npmjs.org/which-builtin-type/-/which-builtin-type-1.2.1.tgz. Extracting by manifest.
2195 silly tarball no local data for which-typed-array@https://registry.npmjs.org/which-typed-array/-/which-typed-array-1.1.22.tgz. Extracting by manifest.
2196 silly tarball no local data for which-boxed-primitive@https://registry.npmjs.org/which-boxed-primitive/-/which-boxed-primitive-1.1.1.tgz. Extracting by manifest.
2197 silly tarball no local data for typed-array-byte-offset@https://registry.npmjs.org/typed-array-byte-offset/-/typed-array-byte-offset-1.0.4.tgz. Extracting by manifest.
2198 silly tarball no local data for typed-array-length@https://registry.npmjs.org/typed-array-length/-/typed-array-length-1.0.8.tgz. Extracting by manifest.
2199 silly tarball no local data for @eslint/plugin-kit@https://registry.npmjs.org/@eslint/plugin-kit/-/plugin-kit-0.7.2.tgz. Extracting by manifest.
2200 silly tarball no local data for unbox-primitive@https://registry.npmjs.org/unbox-primitive/-/unbox-primitive-1.1.0.tgz. Extracting by manifest.
2201 silly tarball no local data for tslib@https://registry.npmjs.org/tslib/-/tslib-2.8.1.tgz. Extracting by manifest.
2202 silly tarball no local data for styled-jsx@https://registry.npmjs.org/styled-jsx/-/styled-jsx-5.1.6.tgz. Extracting by manifest.
2203 silly tarball no local data for string.prototype.trimend@https://registry.npmjs.org/string.prototype.trimend/-/string.prototype.trimend-1.0.10.tgz. Extracting by manifest.
2204 silly tarball no local data for typed-array-buffer@https://registry.npmjs.org/typed-array-buffer/-/typed-array-buffer-1.0.3.tgz. Extracting by manifest.
2205 silly tarball no local data for string.prototype.trim@https://registry.npmjs.org/string.prototype.trim/-/string.prototype.trim-1.2.11.tgz. Extracting by manifest.
2206 silly tarball no local data for typed-array-byte-length@https://registry.npmjs.org/typed-array-byte-length/-/typed-array-byte-length-1.0.3.tgz. Extracting by manifest.
2207 silly tarball no local data for string.prototype.matchall@https://registry.npmjs.org/string.prototype.matchall/-/string.prototype.matchall-4.0.12.tgz. Extracting by manifest.
2208 silly tarball no local data for ts-api-utils@https://registry.npmjs.org/ts-api-utils/-/ts-api-utils-2.5.0.tgz. Extracting by manifest.
2209 silly tarball no local data for string.prototype.includes@https://registry.npmjs.org/string.prototype.includes/-/string.prototype.includes-2.0.1.tgz. Extracting by manifest.
2210 silly tarball no local data for stop-iteration-iterator@https://registry.npmjs.org/stop-iteration-iterator/-/stop-iteration-iterator-1.1.0.tgz. Extracting by manifest.
2211 silly tarball no local data for semver@https://registry.npmjs.org/semver/-/semver-7.8.5.tgz. Extracting by manifest.
2212 silly tarball no local data for side-channel@https://registry.npmjs.org/side-channel/-/side-channel-1.1.1.tgz. Extracting by manifest.
2213 silly tarball no local data for safe-regex-test@https://registry.npmjs.org/safe-regex-test/-/safe-regex-test-1.1.0.tgz. Extracting by manifest.
2214 silly tarball no local data for regexp.prototype.flags@https://registry.npmjs.org/regexp.prototype.flags/-/regexp.prototype.flags-1.5.4.tgz. Extracting by manifest.
2215 silly tarball no local data for reflect.getprototypeof@https://registry.npmjs.org/reflect.getprototypeof/-/reflect.getprototypeof-1.0.10.tgz. Extracting by manifest.
2216 silly tarball no local data for possible-typed-array-names@https://registry.npmjs.org/possible-typed-array-names/-/possible-typed-array-names-1.1.0.tgz. Extracting by manifest.
2217 silly tarball no local data for object.values@https://registry.npmjs.org/object.values/-/object.values-1.2.1.tgz. Extracting by manifest.
2218 silly tarball no local data for picocolors@https://registry.npmjs.org/picocolors/-/picocolors-1.1.1.tgz. Extracting by manifest.
2219 silly tarball no local data for safe-array-concat@https://registry.npmjs.org/safe-array-concat/-/safe-array-concat-1.1.4.tgz. Extracting by manifest.
2220 silly tarball no local data for object.entries@https://registry.npmjs.org/object.entries/-/object.entries-1.1.9.tgz. Extracting by manifest.
2221 silly tarball no local data for object.assign@https://registry.npmjs.org/object.assign/-/object.assign-4.1.7.tgz. Extracting by manifest.
2222 silly tarball no local data for object-inspect@https://registry.npmjs.org/object-inspect/-/object-inspect-1.13.4.tgz. Extracting by manifest.
2223 silly tarball no local data for minimatch@https://registry.npmjs.org/minimatch/-/minimatch-10.2.6.tgz. Extracting by manifest.
2224 silly tarball no local data for nanoid@https://registry.npmjs.org/nanoid/-/nanoid-3.3.18.tgz. Extracting by manifest.
2225 silly tarball no local data for json5@https://registry.npmjs.org/json5/-/json5-2.2.3.tgz. Extracting by manifest.
2226 silly tarball no local data for postcss@https://registry.npmjs.org/postcss/-/postcss-8.5.23.tgz. Extracting by manifest.
2227 silly tarball no local data for iterator.prototype@https://registry.npmjs.org/iterator.prototype/-/iterator.prototype-1.1.5.tgz. Extracting by manifest.
2228 silly tarball no local data for is-weakref@https://registry.npmjs.org/is-weakref/-/is-weakref-1.1.1.tgz. Extracting by manifest.
2229 silly tarball no local data for is-weakset@https://registry.npmjs.org/is-weakset/-/is-weakset-2.0.4.tgz. Extracting by manifest.
2230 silly tarball no local data for is-typed-array@https://registry.npmjs.org/is-typed-array/-/is-typed-array-1.1.15.tgz. Extracting by manifest.
2231 silly tarball no local data for is-symbol@https://registry.npmjs.org/is-symbol/-/is-symbol-1.1.1.tgz. Extracting by manifest.
2232 silly tarball no local data for is-number-object@https://registry.npmjs.org/is-number-object/-/is-number-object-1.1.1.tgz. Extracting by manifest.
2233 silly tarball no local data for is-regex@https://registry.npmjs.org/is-regex/-/is-regex-1.2.1.tgz. Extracting by manifest.
2234 silly tarball no local data for is-string@https://registry.npmjs.org/is-string/-/is-string-1.1.1.tgz. Extracting by manifest.
2235 silly tarball no local data for is-finalizationregistry@https://registry.npmjs.org/is-finalizationregistry/-/is-finalizationregistry-1.1.1.tgz. Extracting by manifest.
2236 silly tarball no local data for is-date-object@https://registry.npmjs.org/is-date-object/-/is-date-object-1.1.0.tgz. Extracting by manifest.
2237 silly tarball no local data for is-generator-function@https://registry.npmjs.org/is-generator-function/-/is-generator-function-1.1.2.tgz. Extracting by manifest.
2238 silly tarball no local data for is-core-module@https://registry.npmjs.org/is-core-module/-/is-core-module-2.16.2.tgz. Extracting by manifest.
2239 silly tarball no local data for is-data-view@https://registry.npmjs.org/is-data-view/-/is-data-view-1.0.2.tgz. Extracting by manifest.
2240 silly tarball no local data for is-shared-array-buffer@https://registry.npmjs.org/is-shared-array-buffer/-/is-shared-array-buffer-1.0.4.tgz. Extracting by manifest.
2241 silly tarball no local data for is-bun-module@https://registry.npmjs.org/is-bun-module/-/is-bun-module-2.0.0.tgz. Extracting by manifest.
2242 silly tarball no local data for is-async-function@https://registry.npmjs.org/is-async-function/-/is-async-function-2.1.1.tgz. Extracting by manifest.
2243 silly tarball no local data for is-array-buffer@https://registry.npmjs.org/is-array-buffer/-/is-array-buffer-3.0.5.tgz. Extracting by manifest.
2244 silly tarball no local data for hasown@https://registry.npmjs.org/hasown/-/hasown-2.0.4.tgz. Extracting by manifest.
2245 silly tarball no local data for is-boolean-object@https://registry.npmjs.org/is-boolean-object/-/is-boolean-object-1.2.2.tgz. Extracting by manifest.
2246 silly tarball no local data for internal-slot@https://registry.npmjs.org/internal-slot/-/internal-slot-1.1.0.tgz. Extracting by manifest.
2247 silly tarball no local data for is-bigint@https://registry.npmjs.org/is-bigint/-/is-bigint-1.1.0.tgz. Extracting by manifest.
2248 silly tarball no local data for has-symbols@https://registry.npmjs.org/has-symbols/-/has-symbols-1.1.0.tgz. Extracting by manifest.
2249 silly tarball no local data for gopd@https://registry.npmjs.org/gopd/-/gopd-1.2.0.tgz. Extracting by manifest.
2250 silly tarball no local data for has-proto@https://registry.npmjs.org/has-proto/-/has-proto-1.2.0.tgz. Extracting by manifest.
2251 silly tarball no local data for get-tsconfig@https://registry.npmjs.org/get-tsconfig/-/get-tsconfig-4.14.3.tgz. Extracting by manifest.
2252 silly tarball no local data for get-symbol-description@https://registry.npmjs.org/get-symbol-description/-/get-symbol-description-1.1.0.tgz. Extracting by manifest.
2253 silly tarball no local data for globals@https://registry.npmjs.org/globals/-/globals-16.4.0.tgz. Extracting by manifest.
2254 silly tarball no local data for function.prototype.name@https://registry.npmjs.org/function.prototype.name/-/function.prototype.name-1.2.0.tgz. Extracting by manifest.
2255 silly tarball no local data for for-each@https://registry.npmjs.org/for-each/-/for-each-0.3.5.tgz. Extracting by manifest.
2256 silly tarball no local data for get-intrinsic@https://registry.npmjs.org/get-intrinsic/-/get-intrinsic-1.3.0.tgz. Extracting by manifest.
2257 silly tarball no local data for flatted@https://registry.npmjs.org/flatted/-/flatted-3.4.4.tgz. Extracting by manifest.
2258 silly tarball no local data for file-entry-cache@https://registry.npmjs.org/file-entry-cache/-/file-entry-cache-8.0.0.tgz. Extracting by manifest.
2259 silly tarball no local data for espree@https://registry.npmjs.org/espree/-/espree-11.2.0.tgz. Extracting by manifest.
2260 silly tarball no local data for esquery@https://registry.npmjs.org/esquery/-/esquery-1.7.0.tgz. Extracting by manifest.
2261 silly tarball no local data for eslint-scope@https://registry.npmjs.org/eslint-scope/-/eslint-scope-9.1.2.tgz. Extracting by manifest.
2262 silly tarball no local data for flat-cache@https://registry.npmjs.org/flat-cache/-/flat-cache-4.0.1.tgz. Extracting by manifest.
2263 silly tarball no local data for eslint-config-next@https://registry.npmjs.org/eslint-config-next/-/eslint-config-next-16.3.1.tgz. Extracting by manifest.
2264 silly tarball no local data for eslint@https://registry.npmjs.org/eslint/-/eslint-10.8.1.tgz. Extracting by manifest.
2265 silly tarball no local data for eslint-plugin-react-hooks@https://registry.npmjs.org/eslint-plugin-react-hooks/-/eslint-plugin-react-hooks-7.1.1.tgz. Extracting by manifest.
2266 silly tarball no local data for es-to-primitive@https://registry.npmjs.org/es-to-primitive/-/es-to-primitive-1.3.4.tgz. Extracting by manifest.
2267 silly tarball no local data for es-shim-unscopables@https://registry.npmjs.org/es-shim-unscopables/-/es-shim-unscopables-1.1.0.tgz. Extracting by manifest.
2268 silly tarball no local data for eslint-module-utils@https://registry.npmjs.org/eslint-module-utils/-/eslint-module-utils-2.14.0.tgz. Extracting by manifest.
2269 silly tarball no local data for es-set-tostringtag@https://registry.npmjs.org/es-set-tostringtag/-/es-set-tostringtag-2.1.0.tgz. Extracting by manifest.
2270 silly tarball no local data for es-object-atoms@https://registry.npmjs.org/es-object-atoms/-/es-object-atoms-1.1.2.tgz. Extracting by manifest.
2271 silly tarball no local data for es-iterator-helpers@https://registry.npmjs.org/es-iterator-helpers/-/es-iterator-helpers-1.4.0.tgz. Extracting by manifest.
2272 silly tarball no local data for es-abstract@https://registry.npmjs.org/es-abstract/-/es-abstract-1.24.2.tgz. Extracting by manifest.
2273 silly tarball no local data for doctrine@https://registry.npmjs.org/doctrine/-/doctrine-2.1.0.tgz. Extracting by manifest.
2274 silly tarball no local data for data-view-byte-length@https://registry.npmjs.org/data-view-byte-length/-/data-view-byte-length-1.0.2.tgz. Extracting by manifest.
2275 silly tarball no local data for es-define-property@https://registry.npmjs.org/es-define-property/-/es-define-property-1.0.1.tgz. Extracting by manifest.
2276 silly tarball no local data for data-view-byte-offset@https://registry.npmjs.org/data-view-byte-offset/-/data-view-byte-offset-1.0.1.tgz. Extracting by manifest.
2277 silly tarball no local data for cross-spawn@https://registry.npmjs.org/cross-spawn/-/cross-spawn-7.0.6.tgz. Extracting by manifest.
2278 silly tarball no local data for caniuse-lite@https://registry.npmjs.org/caniuse-lite/-/caniuse-lite-1.0.30001809.tgz. Extracting by manifest.
2279 silly tarball no local data for data-view-buffer@https://registry.npmjs.org/data-view-buffer/-/data-view-buffer-1.0.2.tgz. Extracting by manifest.
2280 silly tarball no local data for call-bind@https://registry.npmjs.org/call-bind/-/call-bind-1.0.9.tgz. Extracting by manifest.
2281 silly tarball no local data for axe-core@https://registry.npmjs.org/axe-core/-/axe-core-4.13.0.tgz. Extracting by manifest.
2282 silly tarball no local data for brace-expansion@https://registry.npmjs.org/brace-expansion/-/brace-expansion-5.0.9.tgz. Extracting by manifest.
2283 silly tarball no local data for arraybuffer.prototype.slice@https://registry.npmjs.org/arraybuffer.prototype.slice/-/arraybuffer.prototype.slice-1.0.4.tgz. Extracting by manifest.
2284 silly tarball no local data for array.prototype.flatmap@https://registry.npmjs.org/array.prototype.flatmap/-/array.prototype.flatmap-1.3.3.tgz. Extracting by manifest.
2285 silly tarball no local data for array-includes@https://registry.npmjs.org/array-includes/-/array-includes-3.1.9.tgz. Extracting by manifest.
2286 silly tarball no local data for array-buffer-byte-length@https://registry.npmjs.org/array-buffer-byte-length/-/array-buffer-byte-length-1.0.2.tgz. Extracting by manifest.
2287 silly tarball no local data for array.prototype.findlastindex@https://registry.npmjs.org/array.prototype.findlastindex/-/array.prototype.findlastindex-1.2.6.tgz. Extracting by manifest.
2288 silly tarball no local data for array.prototype.flat@https://registry.npmjs.org/array.prototype.flat/-/array.prototype.flat-1.3.3.tgz. Extracting by manifest.
2289 silly tarball no local data for ajv@https://registry.npmjs.org/ajv/-/ajv-6.15.0.tgz. Extracting by manifest.
2290 silly tarball no local data for @typescript-eslint/visitor-keys@https://registry.npmjs.org/@typescript-eslint/visitor-keys/-/visitor-keys-8.67.0.tgz. Extracting by manifest.
2291 silly tarball no local data for acorn@https://registry.npmjs.org/acorn/-/acorn-8.18.0.tgz. Extracting by manifest.
2292 silly tarball no local data for @typescript-eslint/utils@https://registry.npmjs.org/@typescript-eslint/utils/-/utils-8.67.0.tgz. Extracting by manifest.
2293 silly tarball no local data for @typescript-eslint/typescript-estree@https://registry.npmjs.org/@typescript-eslint/typescript-estree/-/typescript-estree-8.67.0.tgz. Extracting by manifest.
2294 silly tarball no local data for @typescript-eslint/type-utils@https://registry.npmjs.org/@typescript-eslint/type-utils/-/type-utils-8.67.0.tgz. Extracting by manifest.
2295 silly tarball no local data for @typescript-eslint/types@https://registry.npmjs.org/@typescript-eslint/types/-/types-8.67.0.tgz. Extracting by manifest.
2296 silly tarball no local data for aria-query@https://registry.npmjs.org/aria-query/-/aria-query-5.3.2.tgz. Extracting by manifest.
2297 silly tarball no local data for @typescript-eslint/eslint-plugin@https://registry.npmjs.org/@typescript-eslint/eslint-plugin/-/eslint-plugin-8.67.0.tgz. Extracting by manifest.
2298 silly tarball no local data for @swc/helpers@https://registry.npmjs.org/@swc/helpers/-/helpers-0.5.23.tgz. Extracting by manifest.
2299 silly tarball no local data for @typescript-eslint/parser@https://registry.npmjs.org/@typescript-eslint/parser/-/parser-8.67.0.tgz. Extracting by manifest.
2300 silly tarball no local data for @next/swc-darwin-arm64@https://registry.npmjs.org/@next/swc-darwin-arm64/-/swc-darwin-arm64-16.3.1.tgz. Extracting by manifest.
2301 silly tarball no local data for @next/env@https://registry.npmjs.org/@next/env/-/env-16.3.1.tgz. Extracting by manifest.
2302 silly tarball no local data for @jridgewell/trace-mapping@https://registry.npmjs.org/@jridgewell/trace-mapping/-/trace-mapping-0.3.31.tgz. Extracting by manifest.
2303 silly tarball no local data for @jridgewell/gen-mapping@https://registry.npmjs.org/@jridgewell/gen-mapping/-/gen-mapping-0.3.13.tgz. Extracting by manifest.
2304 silly tarball no local data for @next/eslint-plugin-next@https://registry.npmjs.org/@next/eslint-plugin-next/-/eslint-plugin-next-16.3.1.tgz. Extracting by manifest.
2305 silly tarball no local data for @eslint-community/regexpp@https://registry.npmjs.org/@eslint-community/regexpp/-/regexpp-4.12.2.tgz. Extracting by manifest.
2306 silly tarball no local data for @eslint-community/eslint-utils@https://registry.npmjs.org/@eslint-community/eslint-utils/-/eslint-utils-4.10.1.tgz. Extracting by manifest.
2307 silly tarball no local data for semver@https://registry.npmjs.org/semver/-/semver-6.3.1.tgz. Extracting by manifest.
2308 silly tarball no local data for @typescript-eslint/scope-manager@https://registry.npmjs.org/@typescript-eslint/scope-manager/-/scope-manager-8.67.0.tgz. Extracting by manifest.
2309 silly tarball no local data for picomatch@https://registry.npmjs.org/picomatch/-/picomatch-4.0.5.tgz. Extracting by manifest.
2310 silly tarball no local data for debug@https://registry.npmjs.org/debug/-/debug-4.4.3.tgz. Extracting by manifest.
2311 silly tarball no local data for lru-cache@https://registry.npmjs.org/lru-cache/-/lru-cache-5.1.1.tgz. Extracting by manifest.
2312 silly tarball no local data for fdir@https://registry.npmjs.org/fdir/-/fdir-6.5.0.tgz. Extracting by manifest.
2313 silly tarball no local data for json5@https://registry.npmjs.org/json5/-/json5-1.0.2.tgz. Extracting by manifest.
2314 silly tarball no local data for semver@https://registry.npmjs.org/semver/-/semver-6.3.1.tgz. Extracting by manifest.
2315 silly tarball no local data for eslint-visitor-keys@https://registry.npmjs.org/eslint-visitor-keys/-/eslint-visitor-keys-5.0.1.tgz. Extracting by manifest.
2316 silly tarball no local data for resolve@https://registry.npmjs.org/resolve/-/resolve-2.0.0-next.7.tgz. Extracting by manifest.
2317 silly tarball no local data for semver@https://registry.npmjs.org/semver/-/semver-6.3.1.tgz. Extracting by manifest.
2318 silly tarball no local data for brace-expansion@https://registry.npmjs.org/brace-expansion/-/brace-expansion-1.1.18.tgz. Extracting by manifest.
2319 silly tarball no local data for debug@https://registry.npmjs.org/debug/-/debug-4.4.3.tgz. Extracting by manifest.
2320 silly tarball no local data for minimatch@https://registry.npmjs.org/minimatch/-/minimatch-3.1.5.tgz. Extracting by manifest.
2321 silly tarball no local data for eslint-plugin-react@https://registry.npmjs.org/eslint-plugin-react/-/eslint-plugin-react-7.37.5.tgz. Extracting by manifest.
2322 silly tarball no local data for semver@https://registry.npmjs.org/semver/-/semver-6.3.1.tgz. Extracting by manifest.
2323 silly tarball no local data for eslint-plugin-import@https://registry.npmjs.org/eslint-plugin-import/-/eslint-plugin-import-2.32.0.tgz. Extracting by manifest.
2324 silly tarball no local data for eslint-plugin-jsx-a11y@https://registry.npmjs.org/eslint-plugin-jsx-a11y/-/eslint-plugin-jsx-a11y-6.10.2.tgz. Extracting by manifest.
2325 silly tarball no local data for eslint-import-resolver-typescript@https://registry.npmjs.org/eslint-import-resolver-typescript/-/eslint-import-resolver-typescript-3.10.1.tgz. Extracting by manifest.
2326 silly tarball no local data for debug@https://registry.npmjs.org/debug/-/debug-3.2.7.tgz. Extracting by manifest.
2327 silly tarball no local data for balanced-match@https://registry.npmjs.org/balanced-match/-/balanced-match-4.0.4.tgz. Extracting by manifest.
2328 silly tarball no local data for eslint-visitor-keys@https://registry.npmjs.org/eslint-visitor-keys/-/eslint-visitor-keys-5.0.1.tgz. Extracting by manifest.
2329 silly tarball no local data for debug@https://registry.npmjs.org/debug/-/debug-4.4.3.tgz. Extracting by manifest.
2330 silly tarball no local data for eslint-visitor-keys@https://registry.npmjs.org/eslint-visitor-keys/-/eslint-visitor-keys-5.0.1.tgz. Extracting by manifest.
2331 silly tarball no local data for debug@https://registry.npmjs.org/debug/-/debug-4.4.3.tgz. Extracting by manifest.
2332 silly tarball no local data for ignore@https://registry.npmjs.org/ignore/-/ignore-7.0.6.tgz. Extracting by manifest.
2333 silly tarball no local data for debug@https://registry.npmjs.org/debug/-/debug-4.4.3.tgz. Extracting by manifest.
2334 silly tarball no local data for glob-parent@https://registry.npmjs.org/glob-parent/-/glob-parent-5.1.2.tgz. Extracting by manifest.
2335 silly tarball no local data for fast-glob@https://registry.npmjs.org/fast-glob/-/fast-glob-3.3.1.tgz. Extracting by manifest.
2336 silly tarball no local data for source-map-js@https://registry.npmjs.org/source-map-js/-/source-map-js-1.2.1.tgz. Extracting by manifest.
2337 silly tarball no local data for @eslint-community/eslint-utils@https://registry.npmjs.org/@eslint-community/eslint-utils/-/eslint-utils-4.9.1.tgz. Extracting by manifest.
2338 http fetch GET 200 https://registry.npmjs.org/async-function/-/async-function-1.0.0.tgz 119ms (cache miss)
2339 http fetch GET 200 https://registry.npmjs.org/side-channel-list/-/side-channel-list-1.0.1.tgz 119ms (cache miss)
2340 http fetch GET 200 https://registry.npmjs.org/generator-function/-/generator-function-2.0.1.tgz 120ms (cache miss)
2341 http fetch GET 200 https://registry.npmjs.org/side-channel-weakmap/-/side-channel-weakmap-1.0.2.tgz 125ms (cache miss)
2342 http fetch GET 200 https://registry.npmjs.org/node-exports-info/-/node-exports-info-1.6.2.tgz 126ms (cache miss)
2343 http fetch GET 200 https://registry.npmjs.org/own-keys/-/own-keys-1.0.2.tgz 177ms (cache miss)
2344 http fetch GET 200 https://registry.npmjs.org/call-bound/-/call-bound-1.0.4.tgz 177ms (cache miss)
2345 http fetch GET 200 https://registry.npmjs.org/unrs-resolver/-/unrs-resolver-1.12.2.tgz 198ms (cache miss)
2346 http fetch GET 200 https://registry.npmjs.org/math-intrinsics/-/math-intrinsics-1.1.0.tgz 198ms (cache miss)
2347 http fetch GET 200 https://registry.npmjs.org/stable-hash/-/stable-hash-0.0.5.tgz 231ms (cache miss)
2348 http fetch GET 200 https://registry.npmjs.org/yallist/-/yallist-3.1.1.tgz 235ms (cache miss)
2349 http fetch GET 200 https://registry.npmjs.org/tinyglobby/-/tinyglobby-0.2.17.tgz 260ms (cache miss)
2350 http fetch GET 200 https://registry.npmjs.org/@typescript-eslint/tsconfig-utils/-/tsconfig-utils-8.67.0.tgz 272ms (cache miss)
2351 http fetch POST 200 https://registry.npmjs.org/-/npm/v1/security/advisories/bulk 338ms
2352 silly audit report {
2352 silly audit report   'brace-expansion': [
2352 silly audit report     {
2352 silly audit report       id: 1105444,
2352 silly audit report       url: 'https://github.com/advisories/GHSA-v6h2-p8h4-qcjw',
2352 silly audit report       title: 'brace-expansion Regular Expression Denial of Service vulnerability',
2352 silly audit report       severity: 'low',
2352 silly audit report       vulnerable_versions: '>=2.0.0 <=2.0.1',
2352 silly audit report       cwe: [Array],
2352 silly audit report       cvss: [Object]
2352 silly audit report     },
2352 silly audit report     {
2352 silly audit report       id: 1130589,
2352 silly audit report       url: 'https://github.com/advisories/GHSA-mh99-v99m-4gvg',
2352 silly audit report       title: 'brace-expansion: DoS via unbounded expansion length causing an out-of-memory process crash',
2352 silly audit report       severity: 'high',
2352 silly audit report       vulnerable_versions: '>=2.0.0 <2.1.3',
2352 silly audit report       cwe: [Array],
2352 silly audit report       cvss: [Object]
2352 silly audit report     },
2352 silly audit report     {
2352 silly audit report       id: 1130736,
2352 silly audit report       url: 'https://github.com/advisories/GHSA-rgw5-rvv9-x895',
2352 silly audit report       title: 'brace-expansion: DoS via unbounded intermediate arrays, bypassing the CVE-2026-14257 mitigation',
2352 silly audit report       severity: 'high',
2352 silly audit report       vulnerable_versions: '>=2.0.0 <2.1.4',
2352 silly audit report       cwe: [Array],
2352 silly audit report       cvss: [Object]
2352 silly audit report     },
2352 silly audit report     {
2352 silly audit report       id: 1115541,
2352 silly audit report       url: 'https://github.com/advisories/GHSA-f886-m6hf-6m8v',
2352 silly audit report       title: 'brace-expansion: Zero-step sequence causes process hang and memory exhaustion',
2352 silly audit report       severity: 'moderate',
2352 silly audit report       vulnerable_versions: '>=2.0.0 <2.0.3',
2352 silly audit report       cwe: [Array],
2352 silly audit report       cvss: [Object]
2352 silly audit report     },
2352 silly audit report     {
2352 silly audit report       id: 1123896,
2352 silly audit report       url: 'https://github.com/advisories/GHSA-3jxr-9vmj-r5cp',
2352 silly audit report       title: 'brace-expansion: DoS via exponential-time expansion of consecutive non-expanding {} groups',
2352 silly audit report       severity: 'high',
2352 silly audit report       vulnerable_versions: '>=2.0.0 <2.1.2',
2352 silly audit report       cwe: [Array],
2352 silly audit report       cvss: [Object]
2352 silly audit report     }
2352 silly audit report   ],
2352 silly audit report   minimatch: [
2352 silly audit report     {
2352 silly audit report       id: 1113465,
2352 silly audit report       url: 'https://github.com/advisories/GHSA-3ppc-4f35-3m26',
2352 silly audit report       title: 'minimatch has a ReDoS via repeated wildcards with non-matching literal in pattern',
2352 silly audit report       severity: 'high',
2352 silly audit report       vulnerable_versions: '>=9.0.0 <9.0.6',
2352 silly audit report       cwe: [Array],
2352 silly audit report       cvss: [Object]
2352 silly audit report     },
2352 silly audit report     {
2352 silly audit report       id: 1113544,
2352 silly audit report       url: 'https://github.com/advisories/GHSA-7r86-cg39-jmmj',
2352 silly audit report       title: 'minimatch has ReDoS: matchOne() combinatorial backtracking via multiple non-adjacent GLOBSTAR segments',
2352 silly audit report       severity: 'high',
2352 silly audit report       vulnerable_versions: '>=9.0.0 <9.0.7',
2352 silly audit report       cwe: [Array],
2352 silly audit report       cvss: [Object]
2352 silly audit report     },
2352 silly audit report     {
2352 silly audit report       id: 1113552,
2352 silly audit report       url: 'https://github.com/advisories/GHSA-23c5-xmqv-rm74',
2352 silly audit report       title: 'minimatch ReDoS: nested *() extglobs generate catastrophically backtracking regular expressions',
2352 silly audit report       severity: 'high',
2352 silly audit report       vulnerable_versions: '>=9.0.0 <9.0.7',
2352 silly audit report       cwe: [Array],
2352 silly audit report       cvss: [Object]
2352 silly audit report     }
2352 silly audit report   ],
2352 silly audit report   glob: [
2352 silly audit report     {
2352 silly audit report       id: 1109842,
2352 silly audit report       url: 'https://github.com/advisories/GHSA-5j98-mcp5-4vw2',
2352 silly audit report       title: 'glob CLI: Command injection via -c/--cmd executes matches with shell:true',
2352 silly audit report       severity: 'high',
2352 silly audit report       vulnerable_versions: '>=10.2.0 <10.5.0',
2352 silly audit report       cwe: [Array],
2352 silly audit report       cvss: [Object]
2352 silly audit report     }
2352 silly audit report   ],
2352 silly audit report   'js-yaml': [
2352 silly audit report     {
2352 silly audit report       id: 1121859,
2352 silly audit report       url: 'https://github.com/advisories/GHSA-h67p-54hq-rp68',
2352 silly audit report       title: 'JS-YAML: Quadratic-complexity DoS in merge key handling via repeated aliases',
2352 silly audit report       severity: 'moderate',
2352 silly audit report       vulnerable_versions: '<3.15.0',
2352 silly audit report       cwe: [Array],
2352 silly audit report       cvss: [Object]
2352 silly audit report     },
2352 silly audit report     {
2352 silly audit report       id: 1123912,
2352 silly audit report       url: 'https://github.com/advisories/GHSA-52cp-r559-cp3m',
2352 silly audit report       title: 'js-yaml: YAML merge-key chains can force quadratic CPU consumption',
2352 silly audit report       severity: 'high',
2352 silly audit report       vulnerable_versions: '>=3.0.0 <3.15.0',
2352 silly audit report       cwe: [Array],
2352 silly audit report       cvss: [Object]
2352 silly audit report     },
2352 silly audit report     {
2352 silly audit report       id: 1138114,
2352 silly audit report       url: 'https://github.com/advisories/GHSA-5p4m-2wfm-xmqj',
2352 silly audit report       title: 'JS-YAML: Quadratic CPU consumption in !!omap resolution (3.x and 4.x) — CVE-2026-59870 fix not backported',
2352 silly audit report       severity: 'high',
2352 silly audit report       vulnerable_versions: '>=3.0.0 <3.15.1',
2352 silly audit report       cwe: [Array],
2352 silly audit report       cvss: [Object]
2352 silly audit report     }
2352 silly audit report   ],
2352 silly audit report   picomatch: [
2352 silly audit report     {
2352 silly audit report       id: 1115549,
2352 silly audit report       url: 'https://github.com/advisories/GHSA-3v7f-55p6-f55p',
2352 silly audit report       title: 'Picomatch: Method Injection in POSIX Character Classes causes incorrect Glob Matching',
2352 silly audit report       severity: 'moderate',
2352 silly audit report       vulnerable_versions: '<2.3.2',
2352 silly audit report       cwe: [Array],
2352 silly audit report       cvss: [Object]
2352 silly audit report     },
2352 silly audit report     {
2352 silly audit report       id: 1115552,
2352 silly audit report       url: 'https://github.com/advisories/GHSA-c2c7-rcm5-vvqj',
2352 silly audit report       title: 'Picomatch has a ReDoS vulnerability via extglob quantifiers',
2352 silly audit report       severity: 'high',
2352 silly audit report       vulnerable_versions: '<2.3.2',
2352 silly audit report       cwe: [Array],
2352 silly audit report       cvss: [Object]
2352 silly audit report     }
2352 silly audit report   ],
2352 silly audit report   yaml: [
2352 silly audit report     {
2352 silly audit report       id: 1115556,
2352 silly audit report       url: 'https://github.com/advisories/GHSA-48c2-rrv3-qjmp',
2352 silly audit report       title: 'yaml is vulnerable to Stack Overflow via deeply nested YAML collections',
2352 silly audit report       severity: 'moderate',
2352 silly audit report       vulnerable_versions: '>=2.0.0 <2.8.3',
2352 silly audit report       cwe: [Array],
2352 silly audit report       cvss: [Object]
2352 silly audit report     }
2352 silly audit report   ]
2352 silly audit report }
2353 silly packumentCache corgi:https://registry.npmjs.org/brace-expansion cache-miss
2354 silly packumentCache corgi:https://registry.npmjs.org/minimatch cache-miss
2355 silly packumentCache corgi:https://registry.npmjs.org/glob cache-miss
2356 silly packumentCache corgi:https://registry.npmjs.org/js-yaml cache-miss
2357 silly packumentCache corgi:https://registry.npmjs.org/picomatch cache-miss
2358 silly packumentCache corgi:https://registry.npmjs.org/yaml cache-miss
2359 http fetch GET 200 https://registry.npmjs.org/escalade/-/escalade-3.2.0.tgz 316ms (cache miss)
2360 http fetch GET 200 https://registry.npmjs.org/@typescript-eslint/project-service/-/project-service-8.67.0.tgz 316ms (cache miss)
2361 http fetch GET 200 https://registry.npmjs.org/set-proto/-/set-proto-1.0.0.tgz 327ms (cache miss)
2362 http fetch GET 200 https://registry.npmjs.org/call-bind-apply-helpers/-/call-bind-apply-helpers-1.0.2.tgz 327ms (cache miss)
2363 http fetch GET 200 https://registry.npmjs.org/safe-push-apply/-/safe-push-apply-1.0.0.tgz 327ms (cache miss)
2364 http fetch GET 200 https://registry.npmjs.org/dunder-proto/-/dunder-proto-1.0.1.tgz 331ms (cache miss)
2365 http fetch GET 200 https://registry.npmjs.org/side-channel-map/-/side-channel-map-1.0.1.tgz 338ms (cache miss)
2366 http fetch GET 200 https://registry.npmjs.org/is-document.all/-/is-document.all-1.0.0.tgz 338ms (cache miss)
2367 http fetch GET 200 https://registry.npmjs.org/es-abstract-get/-/es-abstract-get-1.0.0.tgz 366ms (cache miss)
2368 http fetch GET 200 https://registry.npmjs.org/detect-libc/-/detect-libc-2.1.2.tgz 368ms (cache miss)
2369 http fetch GET 200 https://registry.npmjs.org/update-browserslist-db/-/update-browserslist-db-1.3.1.tgz 410ms (cache miss)
2370 http fetch GET 200 https://registry.npmjs.org/@types/esrecurse/-/esrecurse-4.3.1.tgz 411ms (cache miss)
2371 http fetch GET 200 https://registry.npmjs.org/node-releases/-/node-releases-2.0.53.tgz 411ms (cache miss)
2372 http fetch GET 200 https://registry.npmjs.org/@img/colour/-/colour-1.1.0.tgz 414ms (cache miss)
2373 http fetch GET 200 https://registry.npmjs.org/electron-to-chromium/-/electron-to-chromium-1.5.411.tgz 414ms (cache miss)
2374 http fetch GET 200 https://registry.npmjs.org/@babel/helper-globals/-/helper-globals-7.29.7.tgz 431ms (cache miss)
2375 http fetch GET 200 https://registry.npmjs.org/browserslist/-/browserslist-4.28.8.tgz 457ms (cache miss)
2376 http fetch GET 200 https://registry.npmjs.org/baseline-browser-mapping/-/baseline-browser-mapping-2.11.15.tgz 472ms (cache miss)
2377 http fetch GET 200 https://registry.npmjs.org/@emnapi/runtime/-/runtime-1.11.3.tgz 473ms (cache miss)
2378 http fetch GET 200 https://registry.npmjs.org/@babel/helper-module-imports/-/helper-module-imports-7.29.7.tgz 471ms (cache miss)
2379 http fetch GET 200 https://registry.npmjs.org/@babel/helper-validator-option/-/helper-validator-option-7.29.7.tgz 477ms (cache miss)
2380 http fetch GET 200 https://registry.npmjs.org/hermes-estree/-/hermes-estree-0.25.1.tgz 486ms (cache miss)
2381 http fetch GET 200 https://registry.npmjs.org/@babel/compat-data/-/compat-data-7.29.7.tgz 496ms (cache miss)
2382 http fetch GET 200 https://registry.npmjs.org/jsesc/-/jsesc-3.1.0.tgz 513ms (cache miss)
2383 http fetch GET 200 https://registry.npmjs.org/convert-source-map/-/convert-source-map-2.0.0.tgz 525ms (cache miss)
2384 http fetch GET 200 https://registry.npmjs.org/@jridgewell/remapping/-/remapping-2.3.5.tgz 559ms (cache miss)
2385 http fetch GET 200 https://registry.npmjs.org/@babel/template/-/template-7.29.7.tgz 647ms (cache miss)
2386 http fetch GET 200 https://registry.npmjs.org/@babel/helper-module-transforms/-/helper-module-transforms-7.29.7.tgz 659ms (cache miss)
2387 http fetch GET 200 https://registry.npmjs.org/get-proto/-/get-proto-1.0.1.tgz 703ms (cache miss)
2388 http fetch GET 200 https://registry.npmjs.org/@babel/traverse/-/traverse-7.29.8.tgz 705ms (cache miss)
2389 http fetch GET 200 https://registry.npmjs.org/@babel/helper-string-parser/-/helper-string-parser-7.29.7.tgz 722ms (cache miss)
2390 http fetch GET 200 https://registry.npmjs.org/@img/sharp-darwin-arm64/-/sharp-darwin-arm64-0.35.3.tgz 726ms (cache miss)
2391 http fetch GET 200 https://registry.npmjs.org/@babel/helper-compilation-targets/-/helper-compilation-targets-7.29.7.tgz 740ms (cache miss)
2392 http fetch GET 200 https://registry.npmjs.org/@babel/types/-/types-7.29.8.tgz 765ms (cache miss)
2393 http fetch GET 200 https://registry.npmjs.org/zod-validation-error/-/zod-validation-error-4.0.2.tgz 793ms (cache miss)
2394 http fetch GET 200 https://registry.npmjs.org/@babel/code-frame/-/code-frame-7.29.7.tgz 795ms (cache miss)
2395 http fetch GET 200 https://registry.npmjs.org/@babel/generator/-/generator-7.29.8.tgz 804ms (cache miss)
2396 http fetch GET 200 https://registry.npmjs.org/@babel/helpers/-/helpers-7.29.7.tgz 806ms (cache miss)
2397 http fetch GET 200 https://registry.npmjs.org/typescript-eslint/-/typescript-eslint-8.67.0.tgz 810ms (cache miss)
2398 http fetch GET 200 https://registry.npmjs.org/@babel/helper-validator-identifier/-/helper-validator-identifier-7.29.7.tgz 821ms (cache miss)
2399 http fetch GET 200 https://registry.npmjs.org/@eslint/object-schema/-/object-schema-3.0.5.tgz 831ms (cache miss)
2400 http fetch GET 200 https://registry.npmjs.org/sharp/-/sharp-0.35.3.tgz 847ms (cache miss)
2401 http fetch GET 200 https://registry.npmjs.org/@humanfs/types/-/types-0.15.0.tgz 899ms (cache miss)
2402 http fetch GET 200 https://registry.npmjs.org/@humanfs/core/-/core-0.19.2.tgz 967ms (cache miss)
2403 http fetch GET 200 https://registry.npmjs.org/@eslint/config-array/-/config-array-0.23.5.tgz 1004ms (cache miss)
2404 http fetch GET 200 https://registry.npmjs.org/@eslint/config-helpers/-/config-helpers-0.7.0.tgz 1006ms (cache miss)
2405 http fetch GET 200 https://registry.npmjs.org/napi-postinstall/-/napi-postinstall-0.3.4.tgz 1015ms (cache miss)
2406 http fetch GET 200 https://registry.npmjs.org/@unrs/resolver-binding-darwin-arm64/-/resolver-binding-darwin-arm64-1.12.2.tgz 1030ms (cache miss)
2407 http fetch GET 200 https://registry.npmjs.org/gensync/-/gensync-1.0.0-beta.2.tgz 1042ms (cache miss)
2408 http fetch GET 200 https://registry.npmjs.org/@babel/core/-/core-7.29.7.tgz 1042ms (cache miss)
2409 http fetch GET 200 https://registry.npmjs.org/hermes-parser/-/hermes-parser-0.25.1.tgz 1053ms (cache miss)
2410 http fetch GET 200 https://registry.npmjs.org/@humanwhocodes/retry/-/retry-0.4.3.tgz 1070ms (cache miss)
2411 http fetch GET 200 https://registry.npmjs.org/typed-array-byte-offset/-/typed-array-byte-offset-1.0.4.tgz 1080ms (cache miss)
2412 http fetch GET 200 https://registry.npmjs.org/tslib/-/tslib-2.8.1.tgz 1361ms (cache miss)
2413 http fetch GET 200 https://registry.npmjs.org/which-builtin-type/-/which-builtin-type-1.2.1.tgz 1450ms (cache miss)
2414 http fetch GET 200 https://registry.npmjs.org/which-boxed-primitive/-/which-boxed-primitive-1.1.1.tgz 1502ms (cache miss)
2415 http fetch GET 200 https://registry.npmjs.org/@babel/parser/-/parser-7.29.8.tgz 1550ms (cache miss)
2416 http fetch GET 200 https://registry.npmjs.org/typed-array-length/-/typed-array-length-1.0.8.tgz 1622ms (cache miss)
2417 http fetch GET 200 https://registry.npmjs.org/typed-array-buffer/-/typed-array-buffer-1.0.3.tgz 1640ms (cache miss)
2418 http fetch GET 200 https://registry.npmjs.org/string.prototype.trim/-/string.prototype.trim-1.2.11.tgz 1646ms (cache miss)
2419 http fetch GET 200 https://registry.npmjs.org/string.prototype.trimend/-/string.prototype.trimend-1.0.10.tgz 1660ms (cache miss)
2420 http fetch GET 200 https://registry.npmjs.org/unbox-primitive/-/unbox-primitive-1.1.0.tgz 1679ms (cache miss)
2421 http fetch GET 200 https://registry.npmjs.org/styled-jsx/-/styled-jsx-5.1.6.tgz 1679ms (cache miss)
2422 http fetch GET 200 https://registry.npmjs.org/string.prototype.matchall/-/string.prototype.matchall-4.0.12.tgz 1688ms (cache miss)
2423 http fetch GET 200 https://registry.npmjs.org/side-channel/-/side-channel-1.1.1.tgz 1796ms (cache miss)
2424 http fetch GET 200 https://registry.npmjs.org/stop-iteration-iterator/-/stop-iteration-iterator-1.1.0.tgz 1811ms (cache miss)
2425 http fetch GET 200 https://registry.npmjs.org/semver/-/semver-7.8.5.tgz 1853ms (cache miss)
2426 http fetch GET 200 https://registry.npmjs.org/safe-regex-test/-/safe-regex-test-1.1.0.tgz 1858ms (cache miss)
2427 http fetch GET 200 https://registry.npmjs.org/ts-api-utils/-/ts-api-utils-2.5.0.tgz 1859ms (cache miss)
2428 http fetch GET 200 https://registry.npmjs.org/picocolors/-/picocolors-1.1.1.tgz 1908ms (cache miss)
2429 http fetch GET 200 https://registry.npmjs.org/zod/-/zod-4.4.3.tgz 1921ms (cache miss)
2430 http fetch GET 200 https://registry.npmjs.org/possible-typed-array-names/-/possible-typed-array-names-1.1.0.tgz 1927ms (cache miss)
2431 http fetch GET 200 https://registry.npmjs.org/object.values/-/object.values-1.2.1.tgz 1932ms (cache miss)
2432 http fetch GET 200 https://registry.npmjs.org/typed-array-byte-length/-/typed-array-byte-length-1.0.3.tgz 1942ms (cache miss)
2433 http fetch GET 200 https://registry.npmjs.org/@humanfs/node/-/node-0.16.8.tgz 1981ms (cache miss)
2434 http fetch GET 200 https://registry.npmjs.org/@eslint/core/-/core-1.2.1.tgz 2003ms (cache miss)
2435 http fetch GET 200 https://registry.npmjs.org/reflect.getprototypeof/-/reflect.getprototypeof-1.0.10.tgz 2019ms (cache miss)
2436 http fetch GET 200 https://registry.npmjs.org/string.prototype.includes/-/string.prototype.includes-2.0.1.tgz 2037ms (cache miss)
2437 http fetch GET 200 https://registry.npmjs.org/object.entries/-/object.entries-1.1.9.tgz 2075ms (cache miss)
2438 http fetch GET 200 https://registry.npmjs.org/object-inspect/-/object-inspect-1.13.4.tgz 2077ms (cache miss)
2439 http fetch GET 200 https://registry.npmjs.org/iterator.prototype/-/iterator.prototype-1.1.5.tgz 2148ms (cache miss)
2440 http fetch GET 200 https://registry.npmjs.org/is-weakref/-/is-weakref-1.1.1.tgz 2207ms (cache miss)
2441 http fetch GET 200 https://registry.npmjs.org/nanoid/-/nanoid-3.3.18.tgz 2297ms (cache miss)
2442 http fetch GET 200 https://registry.npmjs.org/is-typed-array/-/is-typed-array-1.1.15.tgz 2303ms (cache miss)
2443 http fetch GET 200 https://registry.npmjs.org/which-typed-array/-/which-typed-array-1.1.22.tgz 2322ms (cache miss)
2444 http fetch GET 200 https://registry.npmjs.org/minimatch/-/minimatch-10.2.6.tgz 2331ms (cache miss)
2445 http fetch GET 200 https://registry.npmjs.org/object.assign/-/object.assign-4.1.7.tgz 2374ms (cache miss)
2446 http fetch GET 200 https://registry.npmjs.org/is-symbol/-/is-symbol-1.1.1.tgz 2382ms (cache miss)
2447 http fetch GET 200 https://registry.npmjs.org/safe-array-concat/-/safe-array-concat-1.1.4.tgz 2393ms (cache miss)
2448 http fetch GET 200 https://registry.npmjs.org/regexp.prototype.flags/-/regexp.prototype.flags-1.5.4.tgz 2444ms (cache miss)
2449 http fetch GET 200 https://registry.npmjs.org/json5/-/json5-2.2.3.tgz 2471ms (cache miss)
2450 http fetch GET 200 https://registry.npmjs.org/is-weakset/-/is-weakset-2.0.4.tgz 2493ms (cache miss)
2451 http fetch GET 200 https://registry.npmjs.org/is-number-object/-/is-number-object-1.1.1.tgz 2507ms (cache miss)
2452 http fetch GET 200 https://registry.npmjs.org/is-regex/-/is-regex-1.2.1.tgz 2542ms (cache miss)
2453 http fetch GET 200 https://registry.npmjs.org/is-date-object/-/is-date-object-1.1.0.tgz 2567ms (cache miss)
2454 http fetch GET 200 https://registry.npmjs.org/@eslint/plugin-kit/-/plugin-kit-0.7.2.tgz 2574ms (cache miss)
2455 http fetch GET 200 https://registry.npmjs.org/is-core-module/-/is-core-module-2.16.2.tgz 2574ms (cache miss)
2456 http fetch GET 200 https://registry.npmjs.org/is-generator-function/-/is-generator-function-1.1.2.tgz 2594ms (cache miss)
2457 http fetch GET 200 https://registry.npmjs.org/is-bun-module/-/is-bun-module-2.0.0.tgz 2615ms (cache miss)
2458 http fetch GET 200 https://registry.npmjs.org/is-shared-array-buffer/-/is-shared-array-buffer-1.0.4.tgz 2625ms (cache miss)
2459 http fetch GET 200 https://registry.npmjs.org/is-string/-/is-string-1.1.1.tgz 2638ms (cache miss)
2460 http fetch GET 200 https://registry.npmjs.org/is-data-view/-/is-data-view-1.0.2.tgz 2673ms (cache miss)
2461 http fetch GET 200 https://registry.npmjs.org/hasown/-/hasown-2.0.4.tgz 2690ms (cache miss)
2462 http fetch GET 200 https://registry.npmjs.org/gopd/-/gopd-1.2.0.tgz 2735ms (cache miss)
2463 http fetch GET 200 https://registry.npmjs.org/is-bigint/-/is-bigint-1.1.0.tgz 2744ms (cache miss)
2464 http fetch GET 200 https://registry.npmjs.org/is-async-function/-/is-async-function-2.1.1.tgz 2751ms (cache miss)
2465 http fetch GET 200 https://registry.npmjs.org/has-proto/-/has-proto-1.2.0.tgz 2825ms (cache miss)
2466 http fetch GET 200 https://registry.npmjs.org/get-symbol-description/-/get-symbol-description-1.1.0.tgz 2826ms (cache miss)
2467 http fetch GET 200 https://registry.npmjs.org/internal-slot/-/internal-slot-1.1.0.tgz 2871ms (cache miss)
2468 http fetch GET 200 https://registry.npmjs.org/for-each/-/for-each-0.3.5.tgz 3006ms (cache miss)
2469 http fetch GET 200 https://registry.npmjs.org/is-array-buffer/-/is-array-buffer-3.0.5.tgz 3032ms (cache miss)
2470 http fetch GET 200 https://registry.npmjs.org/postcss/-/postcss-8.5.23.tgz 3036ms (cache miss)
2471 http fetch GET 200 https://registry.npmjs.org/is-boolean-object/-/is-boolean-object-1.2.2.tgz 3050ms (cache miss)
2472 http fetch GET 200 https://registry.npmjs.org/file-entry-cache/-/file-entry-cache-8.0.0.tgz 3079ms (cache miss)
2473 http fetch GET 200 https://registry.npmjs.org/has-symbols/-/has-symbols-1.1.0.tgz 3081ms (cache miss)
2474 http fetch GET 200 https://registry.npmjs.org/flatted/-/flatted-3.4.4.tgz 3084ms (cache miss)
2475 http fetch GET 200 https://registry.npmjs.org/get-intrinsic/-/get-intrinsic-1.3.0.tgz 3185ms (cache miss)
2476 http fetch GET 200 https://registry.npmjs.org/flat-cache/-/flat-cache-4.0.1.tgz 3196ms (cache miss)
2477 http fetch GET 200 https://registry.npmjs.org/function.prototype.name/-/function.prototype.name-1.2.0.tgz 3253ms (cache miss)
2478 http fetch GET 200 https://registry.npmjs.org/globals/-/globals-16.4.0.tgz 3301ms (cache miss)
2479 http fetch GET 200 https://registry.npmjs.org/es-shim-unscopables/-/es-shim-unscopables-1.1.0.tgz 3303ms (cache miss)
2480 http fetch GET 200 https://registry.npmjs.org/is-finalizationregistry/-/is-finalizationregistry-1.1.1.tgz 3321ms (cache miss)
2481 http fetch GET 200 https://registry.npmjs.org/@img/sharp-wasm32/-/sharp-wasm32-0.35.3.tgz 3367ms (cache miss)
2482 http fetch GET 200 https://registry.npmjs.org/es-set-tostringtag/-/es-set-tostringtag-2.1.0.tgz 3391ms (cache miss)
2483 http fetch GET 200 https://registry.npmjs.org/es-to-primitive/-/es-to-primitive-1.3.4.tgz 3414ms (cache miss)
2484 http fetch GET 200 https://registry.npmjs.org/es-object-atoms/-/es-object-atoms-1.1.2.tgz 3414ms (cache miss)
2485 http fetch GET 200 https://registry.npmjs.org/eslint-config-next/-/eslint-config-next-16.3.1.tgz 3478ms (cache miss)
2486 http fetch GET 200 https://registry.npmjs.org/espree/-/espree-11.2.0.tgz 3511ms (cache miss)
2487 http fetch GET 200 https://registry.npmjs.org/eslint-module-utils/-/eslint-module-utils-2.14.0.tgz 3518ms (cache miss)
2488 http fetch GET 200 https://registry.npmjs.org/es-define-property/-/es-define-property-1.0.1.tgz 3537ms (cache miss)
2489 http fetch GET 200 https://registry.npmjs.org/es-iterator-helpers/-/es-iterator-helpers-1.4.0.tgz 3569ms (cache miss)
2490 http fetch GET 200 https://registry.npmjs.org/eslint-scope/-/eslint-scope-9.1.2.tgz 3571ms (cache miss)
2491 http fetch GET 200 https://registry.npmjs.org/data-view-byte-length/-/data-view-byte-length-1.0.2.tgz 3578ms (cache miss)
2492 http fetch GET 200 https://registry.npmjs.org/data-view-byte-offset/-/data-view-byte-offset-1.0.1.tgz 3614ms (cache miss)
2493 http fetch GET 200 https://registry.npmjs.org/cross-spawn/-/cross-spawn-7.0.6.tgz 3655ms (cache miss)
2494 http fetch GET 200 https://registry.npmjs.org/call-bind/-/call-bind-1.0.9.tgz 3656ms (cache miss)
2495 http fetch GET 200 https://registry.npmjs.org/doctrine/-/doctrine-2.1.0.tgz 3662ms (cache miss)
2496 http fetch GET 200 https://registry.npmjs.org/array.prototype.findlastindex/-/array.prototype.findlastindex-1.2.6.tgz 3723ms (cache miss)
2497 http fetch GET 200 https://registry.npmjs.org/array-includes/-/array-includes-3.1.9.tgz 3734ms (cache miss)
2498 http fetch GET 200 https://registry.npmjs.org/arraybuffer.prototype.slice/-/arraybuffer.prototype.slice-1.0.4.tgz 3782ms (cache miss)
2499 http fetch GET 200 https://registry.npmjs.org/array-buffer-byte-length/-/array-buffer-byte-length-1.0.2.tgz 3782ms (cache miss)
2500 http fetch GET 200 https://registry.npmjs.org/array.prototype.flat/-/array.prototype.flat-1.3.3.tgz 3798ms (cache miss)
2501 http fetch GET 200 https://registry.npmjs.org/brace-expansion/-/brace-expansion-5.0.9.tgz 3801ms (cache miss)
2502 http fetch GET 200 https://registry.npmjs.org/array.prototype.flatmap/-/array.prototype.flatmap-1.3.3.tgz 3810ms (cache miss)
2503 http fetch GET 200 https://registry.npmjs.org/es-abstract/-/es-abstract-1.24.2.tgz 3835ms (cache miss)
2504 http fetch GET 200 https://registry.npmjs.org/data-view-buffer/-/data-view-buffer-1.0.2.tgz 3923ms (cache miss)
2505 http fetch GET 200 https://registry.npmjs.org/get-tsconfig/-/get-tsconfig-4.14.3.tgz 4075ms (cache miss)
2506 http fetch GET 200 https://registry.npmjs.org/@typescript-eslint/visitor-keys/-/visitor-keys-8.67.0.tgz 4210ms (cache miss)
2507 http fetch GET 200 https://registry.npmjs.org/@typescript-eslint/types/-/types-8.67.0.tgz 4263ms (cache miss)
2508 http fetch GET 200 https://registry.npmjs.org/ajv/-/ajv-6.15.0.tgz 4301ms (cache miss)
2509 http fetch GET 200 https://registry.npmjs.org/@typescript-eslint/utils/-/utils-8.67.0.tgz 4331ms (cache miss)
2510 http fetch GET 200 https://registry.npmjs.org/@typescript-eslint/parser/-/parser-8.67.0.tgz 4386ms (cache miss)
2511 http fetch GET 200 https://registry.npmjs.org/@next/env/-/env-16.3.1.tgz 4393ms (cache miss)
2512 http fetch GET 200 https://registry.npmjs.org/@typescript-eslint/type-utils/-/type-utils-8.67.0.tgz 4397ms (cache miss)
2513 http fetch GET 200 https://registry.npmjs.org/aria-query/-/aria-query-5.3.2.tgz 4466ms (cache miss)
2514 http fetch GET 200 https://registry.npmjs.org/@jridgewell/gen-mapping/-/gen-mapping-0.3.13.tgz 4689ms (cache miss)
2515 http fetch GET 200 https://registry.npmjs.org/@jridgewell/trace-mapping/-/trace-mapping-0.3.31.tgz 4896ms (cache miss)
2516 http fetch GET 200 https://registry.npmjs.org/@typescript-eslint/typescript-estree/-/typescript-estree-8.67.0.tgz 5143ms (cache miss)
2517 http fetch GET 200 https://registry.npmjs.org/esquery/-/esquery-1.7.0.tgz 5245ms (cache miss)
2518 http fetch GET 200 https://registry.npmjs.org/acorn/-/acorn-8.18.0.tgz 5258ms (cache miss)
2519 http fetch GET 200 https://registry.npmjs.org/@next/eslint-plugin-next/-/eslint-plugin-next-16.3.1.tgz 5278ms (cache miss)
2520 http fetch GET 200 https://registry.npmjs.org/@eslint-community/eslint-utils/-/eslint-utils-4.10.1.tgz 5305ms (cache miss)
2521 http fetch GET 200 https://registry.npmjs.org/@swc/helpers/-/helpers-0.5.23.tgz 5311ms (cache miss)
2522 http fetch GET 200 https://registry.npmjs.org/semver/-/semver-6.3.1.tgz 5369ms (cache miss)
2523 http fetch GET 200 https://registry.npmjs.org/lru-cache/-/lru-cache-5.1.1.tgz 5460ms (cache miss)
2524 http fetch GET 200 https://registry.npmjs.org/debug/-/debug-4.4.3.tgz 5531ms (cache miss)
2525 http fetch GET 200 https://registry.npmjs.org/fdir/-/fdir-6.5.0.tgz 5569ms (cache miss)
2526 http fetch GET 200 https://registry.npmjs.org/json5/-/json5-1.0.2.tgz 5637ms (cache miss)
2527 http fetch GET 200 https://registry.npmjs.org/picomatch/-/picomatch-4.0.5.tgz 5641ms (cache miss)
2528 http fetch GET 200 https://registry.npmjs.org/@eslint-community/regexpp/-/regexpp-4.12.2.tgz 5647ms (cache miss)
2529 http fetch GET 200 https://registry.npmjs.org/semver/-/semver-6.3.1.tgz 5693ms (cache miss)
2530 http fetch GET 200 https://registry.npmjs.org/eslint-visitor-keys/-/eslint-visitor-keys-5.0.1.tgz 5732ms (cache miss)
2531 http fetch GET 200 https://registry.npmjs.org/brace-expansion/-/brace-expansion-1.1.18.tgz 5758ms (cache miss)
2532 http fetch GET 200 https://registry.npmjs.org/resolve/-/resolve-2.0.0-next.7.tgz 5799ms (cache miss)
2533 http fetch GET 200 https://registry.npmjs.org/debug/-/debug-4.4.3.tgz 5814ms (cache miss)
2534 http fetch GET 200 https://registry.npmjs.org/@typescript-eslint/scope-manager/-/scope-manager-8.67.0.tgz 5877ms (cache miss)
2535 http fetch GET 200 https://registry.npmjs.org/semver/-/semver-6.3.1.tgz 5895ms (cache miss)
2536 http fetch GET 200 https://registry.npmjs.org/semver/-/semver-6.3.1.tgz 5970ms (cache miss)
2537 http fetch GET 200 https://registry.npmjs.org/balanced-match/-/balanced-match-4.0.4.tgz 6066ms (cache miss)
2538 http fetch GET 200 https://registry.npmjs.org/debug/-/debug-3.2.7.tgz 6120ms (cache miss)
2539 http fetch GET 200 https://registry.npmjs.org/minimatch/-/minimatch-3.1.5.tgz 6176ms (cache miss)
2540 http fetch GET 200 https://registry.npmjs.org/eslint-visitor-keys/-/eslint-visitor-keys-5.0.1.tgz 6192ms (cache miss)
2541 http fetch GET 200 https://registry.npmjs.org/debug/-/debug-4.4.3.tgz 6287ms (cache miss)
2542 http fetch GET 200 https://registry.npmjs.org/eslint-visitor-keys/-/eslint-visitor-keys-5.0.1.tgz 6308ms (cache miss)
2543 http fetch GET 200 https://registry.npmjs.org/caniuse-lite/-/caniuse-lite-1.0.30001809.tgz 6354ms (cache miss)
2544 http fetch GET 200 https://registry.npmjs.org/debug/-/debug-4.4.3.tgz 6378ms (cache miss)
2545 http fetch GET 200 https://registry.npmjs.org/glob-parent/-/glob-parent-5.1.2.tgz 6431ms (cache miss)
2546 http fetch GET 200 https://registry.npmjs.org/ignore/-/ignore-7.0.6.tgz 6493ms (cache miss)
2547 http fetch GET 200 https://registry.npmjs.org/debug/-/debug-4.4.3.tgz 6524ms (cache miss)
2548 http fetch GET 200 https://registry.npmjs.org/fast-glob/-/fast-glob-3.3.1.tgz 6713ms (cache miss)
2549 http fetch GET 200 https://registry.npmjs.org/eslint-import-resolver-typescript/-/eslint-import-resolver-typescript-3.10.1.tgz 6843ms (cache miss)
2550 http fetch GET 200 https://registry.npmjs.org/js-yaml 6696ms (cache miss)
2551 silly packumentCache corgi:https://registry.npmjs.org/js-yaml set size:undefined disposed:false
2552 http fetch GET 200 https://registry.npmjs.org/source-map-js/-/source-map-js-1.2.1.tgz 6980ms (cache miss)
2553 http fetch GET 200 https://registry.npmjs.org/glob 6727ms (cache miss)
2554 silly packumentCache corgi:https://registry.npmjs.org/glob set size:undefined disposed:false
2555 http fetch GET 200 https://registry.npmjs.org/eslint-plugin-jsx-a11y/-/eslint-plugin-jsx-a11y-6.10.2.tgz 7034ms (cache miss)
2556 http fetch GET 200 https://registry.npmjs.org/eslint-plugin-import/-/eslint-plugin-import-2.32.0.tgz 7037ms (cache miss)
2557 http fetch GET 200 https://registry.npmjs.org/@eslint-community/eslint-utils/-/eslint-utils-4.9.1.tgz 7172ms (cache miss)
2558 http fetch GET 200 https://registry.npmjs.org/picomatch 6900ms (cache miss)
2559 silly packumentCache corgi:https://registry.npmjs.org/picomatch set size:undefined disposed:false
2560 http fetch GET 200 https://registry.npmjs.org/brace-expansion 6915ms (cache miss)
2561 silly packumentCache corgi:https://registry.npmjs.org/brace-expansion set size:undefined disposed:false
2562 http fetch GET 200 https://registry.npmjs.org/@typescript-eslint/eslint-plugin/-/eslint-plugin-8.67.0.tgz 7308ms (cache miss)
2563 http fetch GET 200 https://registry.npmjs.org/eslint-plugin-react/-/eslint-plugin-react-7.37.5.tgz 7375ms (cache miss)
2564 http fetch GET 200 https://registry.npmjs.org/yaml 7108ms (cache miss)
2565 silly packumentCache corgi:https://registry.npmjs.org/yaml set size:undefined disposed:false
2566 http fetch GET 200 https://registry.npmjs.org/minimatch 7128ms (cache miss)
2567 silly packumentCache corgi:https://registry.npmjs.org/minimatch set size:undefined disposed:false
2568 silly packumentCache corgi:https://registry.npmjs.org/sucrase cache-miss
2569 http fetch GET 200 https://registry.npmjs.org/sucrase 287ms (cache miss)
2570 silly packumentCache corgi:https://registry.npmjs.org/sucrase set size:undefined disposed:false
2571 silly packumentCache corgi:https://registry.npmjs.org/gray-matter cache-miss
2572 http fetch GET 200 https://registry.npmjs.org/eslint/-/eslint-10.8.1.tgz 8011ms (cache miss)
2573 http fetch GET 200 https://registry.npmjs.org/gray-matter 356ms (cache miss)
2574 silly packumentCache corgi:https://registry.npmjs.org/gray-matter set size:undefined disposed:false
2575 silly packumentCache corgi:https://registry.npmjs.org/anymatch cache-miss
2576 silly packumentCache corgi:https://registry.npmjs.org/micromatch cache-miss
2577 silly packumentCache corgi:https://registry.npmjs.org/readdirp cache-miss
2578 http fetch GET 200 https://registry.npmjs.org/anymatch 96ms (cache miss)
2579 silly packumentCache corgi:https://registry.npmjs.org/anymatch set size:undefined disposed:false
2580 http fetch GET 200 https://registry.npmjs.org/micromatch 172ms (cache miss)
2581 silly packumentCache corgi:https://registry.npmjs.org/micromatch set size:undefined disposed:false
2582 http fetch GET 200 https://registry.npmjs.org/readdirp 208ms (cache miss)
2583 silly packumentCache corgi:https://registry.npmjs.org/readdirp set size:undefined disposed:false
2584 silly packumentCache corgi:https://registry.npmjs.org/postcss-load-config cache-miss
2585 http fetch GET 200 https://registry.npmjs.org/postcss-load-config 206ms (cache miss)
2586 silly packumentCache corgi:https://registry.npmjs.org/postcss-load-config set size:undefined disposed:false
2587 http fetch GET 200 https://registry.npmjs.org/eslint-plugin-react-hooks/-/eslint-plugin-react-hooks-7.1.1.tgz 8578ms (cache miss)
2588 http fetch GET 200 https://registry.npmjs.org/@img/sharp-libvips-darwin-arm64/-/sharp-libvips-darwin-arm64-1.3.2.tgz 8722ms (cache miss)
2589 http fetch GET 200 https://registry.npmjs.org/axe-core/-/axe-core-4.13.0.tgz 9346ms (cache miss)
2590 http fetch GET 200 https://registry.npmjs.org/next/-/next-16.3.1.tgz 24037ms (cache miss)
2591 http fetch GET 200 https://registry.npmjs.org/@next/swc-darwin-arm64/-/swc-darwin-arm64-16.3.1.tgz 27142ms (cache miss)
2592 info run unrs-resolver@1.12.2 postinstall node_modules/unrs-resolver node postinstall.js
2593 info run unrs-resolver@1.12.2 postinstall { code: 0, signal: null }
2594 silly ADD node_modules/node-exports-info
2595 silly ADD node_modules/node-exports-info/node_modules/semver
2596 silly ADD node_modules/generator-function
2597 silly ADD node_modules/async-function
2598 silly ADD node_modules/side-channel-weakmap
2599 silly ADD node_modules/side-channel-map
2600 silly ADD node_modules/side-channel-list
2601 silly ADD node_modules/dunder-proto
2602 silly ADD node_modules/is-document.all
2603 silly ADD node_modules/es-abstract-get
2604 silly ADD node_modules/set-proto
2605 silly ADD node_modules/safe-push-apply
2606 silly ADD node_modules/own-keys
2607 silly ADD node_modules/get-proto
2608 silly ADD node_modules/call-bind-apply-helpers
2609 silly ADD node_modules/math-intrinsics
2610 silly ADD node_modules/call-bound
2611 silly ADD node_modules/napi-postinstall
2612 silly ADD node_modules/@unrs/resolver-binding-darwin-arm64
2613 silly ADD node_modules/unrs-resolver
2614 silly ADD node_modules/stable-hash
2615 silly ADD node_modules/yallist
2616 silly ADD node_modules/escalade
2617 silly ADD node_modules/tinyglobby
2618 silly ADD node_modules/tinyglobby/node_modules/picomatch
2619 silly ADD node_modules/tinyglobby/node_modules/fdir
2620 silly ADD node_modules/@typescript-eslint/tsconfig-utils
2621 silly ADD node_modules/@typescript-eslint/project-service
2622 silly ADD node_modules/@typescript-eslint/project-service/node_modules/debug
2623 silly ADD node_modules/@emnapi/runtime
2624 silly ADD node_modules/@img/sharp-wasm32
2625 silly ADD node_modules/detect-libc
2626 silly ADD node_modules/@img/sharp-libvips-darwin-arm64
2627 silly ADD node_modules/@img/sharp-darwin-arm64
2628 silly ADD node_modules/@img/colour
2629 silly ADD node_modules/sharp
2630 silly ADD node_modules/hermes-estree
2631 silly ADD node_modules/@types/esrecurse
2632 silly ADD node_modules/update-browserslist-db
2633 silly ADD node_modules/node-releases
2634 silly ADD node_modules/electron-to-chromium
2635 silly ADD node_modules/baseline-browser-mapping
2636 silly ADD node_modules/@babel/helper-string-parser
2637 silly ADD node_modules/@babel/helper-globals
2638 silly ADD node_modules/@babel/helper-module-imports
2639 silly ADD node_modules/browserslist
2640 silly ADD node_modules/@babel/helper-validator-option
2641 silly ADD node_modules/@babel/compat-data
2642 silly ADD node_modules/jsesc
2643 silly ADD node_modules/@babel/helper-validator-identifier
2644 silly ADD node_modules/gensync
2645 silly ADD node_modules/convert-source-map
2646 silly ADD node_modules/@jridgewell/remapping
2647 silly ADD node_modules/@babel/types
2648 silly ADD node_modules/@babel/traverse
2649 silly ADD node_modules/@babel/template
2650 silly ADD node_modules/@babel/helpers
2651 silly ADD node_modules/@babel/helper-module-transforms
2652 silly ADD node_modules/@babel/helper-compilation-targets
2653 silly ADD node_modules/@babel/helper-compilation-targets/node_modules/semver
2654 silly ADD node_modules/@babel/helper-compilation-targets/node_modules/lru-cache
2655 silly ADD node_modules/@babel/generator
2656 silly ADD node_modules/@babel/code-frame
2657 silly ADD node_modules/zod-validation-error
2658 silly ADD node_modules/zod
2659 silly ADD node_modules/hermes-parser
2660 silly ADD node_modules/@babel/parser
2661 silly ADD node_modules/@babel/core
2662 silly ADD node_modules/@babel/core/node_modules/semver
2663 silly ADD node_modules/typescript-eslint
2664 silly ADD node_modules/@humanfs/types
2665 silly ADD node_modules/@humanfs/core
2666 silly ADD node_modules/@eslint/object-schema
2667 silly ADD node_modules/@humanwhocodes/retry
2668 silly ADD node_modules/@humanfs/node
2669 silly ADD node_modules/@eslint/plugin-kit
2670 silly ADD node_modules/@eslint/core
2671 silly ADD node_modules/@eslint/config-helpers
2672 silly ADD node_modules/@eslint/config-array
2673 silly REMOVE node_modules/wrappy
2674 silly CHANGE node_modules/which-typed-array
2675 silly CHANGE node_modules/which-builtin-type
2676 silly CHANGE node_modules/which-boxed-primitive
2677 silly CHANGE node_modules/unbox-primitive
2678 silly CHANGE node_modules/typed-array-length
2679 silly CHANGE node_modules/typed-array-byte-offset
2680 silly CHANGE node_modules/typed-array-byte-length
2681 silly CHANGE node_modules/typed-array-buffer
2682 silly REMOVE node_modules/type-fest
2683 silly CHANGE node_modules/tslib
2684 silly ADD node_modules/tsconfig-paths/node_modules/json5
2685 silly CHANGE node_modules/ts-api-utils
2686 silly REMOVE node_modules/text-table
2687 silly REMOVE node_modules/tapable
2688 silly REMOVE node_modules/supports-color
2689 silly CHANGE node_modules/styled-jsx
2690 silly REMOVE node_modules/strip-json-comments
2691 silly CHANGE node_modules/string.prototype.trimend
2692 silly CHANGE node_modules/string.prototype.trim
2693 silly CHANGE node_modules/string.prototype.matchall
2694 silly CHANGE node_modules/string.prototype.includes
2695 silly REMOVE node_modules/streamsearch
2696 silly CHANGE node_modules/stop-iteration-iterator
2697 silly CHANGE node_modules/source-map-js
2698 silly REMOVE node_modules/slash
2699 silly CHANGE node_modules/side-channel
2700 silly CHANGE node_modules/semver
2701 silly CHANGE node_modules/safe-regex-test
2702 silly CHANGE node_modules/safe-array-concat
2703 silly REMOVE node_modules/rimraf
2704 silly REMOVE node_modules/rimraf/node_modules/glob
2705 silly REMOVE node_modules/resolve-from
2706 silly CHANGE node_modules/regexp.prototype.flags
2707 silly CHANGE node_modules/reflect.getprototypeof
2708 silly CHANGE node_modules/postcss
2709 silly CHANGE node_modules/possible-typed-array-names
2710 silly CHANGE node_modules/picocolors
2711 silly REMOVE node_modules/path-type
2712 silly REMOVE node_modules/path-is-absolute
2713 silly REMOVE node_modules/parent-module
2714 silly REMOVE node_modules/once
2715 silly CHANGE node_modules/object.values
2716 silly CHANGE node_modules/object.entries
2717 silly CHANGE node_modules/object.assign
2718 silly REMOVE node_modules/object-is
2719 silly CHANGE node_modules/object-inspect
2720 silly CHANGE node_modules/next
2721 silly REMOVE node_modules/next/node_modules/postcss
2722 silly CHANGE node_modules/nanoid
2723 silly CHANGE node_modules/minimatch
2724 silly REMOVE node_modules/lodash.merge
2725 silly CHANGE node_modules/json5
2726 silly REMOVE node_modules/js-yaml
2727 silly CHANGE node_modules/iterator.prototype
2728 silly CHANGE node_modules/is-weakset
2729 silly CHANGE node_modules/is-weakref
2730 silly CHANGE node_modules/is-typed-array
2731 silly CHANGE node_modules/is-symbol
2732 silly CHANGE node_modules/is-string
2733 silly CHANGE node_modules/is-shared-array-buffer
2734 silly CHANGE node_modules/is-regex
2735 silly REMOVE node_modules/is-path-inside
2736 silly CHANGE node_modules/is-number-object
2737 silly CHANGE node_modules/is-generator-function
2738 silly CHANGE node_modules/is-finalizationregistry
2739 silly CHANGE node_modules/is-date-object
2740 silly CHANGE node_modules/is-data-view
2741 silly CHANGE node_modules/is-core-module
2742 silly CHANGE node_modules/is-bun-module
2743 silly CHANGE node_modules/is-boolean-object
2744 silly CHANGE node_modules/is-bigint
2745 silly CHANGE node_modules/is-async-function
2746 silly CHANGE node_modules/is-array-buffer
2747 silly REMOVE node_modules/is-arguments
2748 silly CHANGE node_modules/internal-slot
2749 silly REMOVE node_modules/inherits
2750 silly REMOVE node_modules/inflight
2751 silly REMOVE node_modules/import-fresh
2752 silly CHANGE node_modules/hasown
2753 silly CHANGE node_modules/has-symbols
2754 silly CHANGE node_modules/has-proto
2755 silly REMOVE node_modules/has-flag
2756 silly REMOVE node_modules/graphemer
2757 silly REMOVE node_modules/graceful-fs
2758 silly CHANGE node_modules/gopd
2759 silly REMOVE node_modules/globby
2760 silly CHANGE node_modules/globals
2761 silly CHANGE node_modules/get-tsconfig
2762 silly CHANGE node_modules/get-symbol-description
2763 silly CHANGE node_modules/get-intrinsic
2764 silly CHANGE node_modules/function.prototype.name
2765 silly REMOVE node_modules/fs.realpath
2766 silly CHANGE node_modules/for-each
2767 silly CHANGE node_modules/flatted
2768 silly CHANGE node_modules/flat-cache
2769 silly CHANGE node_modules/file-entry-cache
2770 silly CHANGE node_modules/esquery
2771 silly CHANGE node_modules/espree
2772 silly ADD node_modules/espree/node_modules/eslint-visitor-keys
2773 silly CHANGE node_modules/eslint-scope
2774 silly CHANGE node_modules/eslint-plugin-react-hooks
2775 silly REMOVE node_modules/eslint-plugin-react
2776 silly REMOVE node_modules/eslint-plugin-react/node_modules/semver
2777 silly REMOVE node_modules/eslint-plugin-react/node_modules/resolve
2778 silly REMOVE node_modules/eslint-plugin-react/node_modules/doctrine
2779 silly REMOVE node_modules/eslint-plugin-jsx-a11y
2780 silly REMOVE node_modules/eslint-plugin-import
2781 silly REMOVE node_modules/eslint-plugin-import/node_modules/semver
2782 silly REMOVE node_modules/eslint-plugin-import/node_modules/doctrine
2783 silly REMOVE node_modules/eslint-plugin-import/node_modules/debug
2784 silly CHANGE node_modules/eslint-module-utils
2785 silly REMOVE node_modules/eslint-import-resolver-typescript
2786 silly CHANGE node_modules/eslint-config-next
2787 silly ADD node_modules/eslint-config-next/node_modules/brace-expansion
2788 silly ADD node_modules/eslint-config-next/node_modules/resolve
2789 silly ADD node_modules/eslint-config-next/node_modules/semver
2790 silly ADD node_modules/eslint-config-next/node_modules/minimatch
2791 silly ADD node_modules/eslint-config-next/node_modules/debug
2792 silly ADD node_modules/eslint-config-next/node_modules/eslint-plugin-react
2793 silly ADD node_modules/eslint-config-next/node_modules/eslint-plugin-jsx-a11y
2794 silly ADD node_modules/eslint-config-next/node_modules/eslint-plugin-import
2795 silly ADD node_modules/eslint-config-next/node_modules/eslint-plugin-import/node_modules/debug
2796 silly ADD node_modules/eslint-config-next/node_modules/eslint-import-resolver-typescript
2797 silly CHANGE node_modules/eslint
2798 silly ADD node_modules/eslint/node_modules/eslint-visitor-keys
2799 silly CHANGE node_modules/es-to-primitive
2800 silly CHANGE node_modules/es-shim-unscopables
2801 silly CHANGE node_modules/es-set-tostringtag
2802 silly CHANGE node_modules/es-object-atoms
2803 silly CHANGE node_modules/es-iterator-helpers
2804 silly REMOVE node_modules/es-get-iterator
2805 silly CHANGE node_modules/es-define-property
2806 silly CHANGE node_modules/es-abstract
2807 silly REMOVE node_modules/enhanced-resolve
2808 silly CHANGE node_modules/doctrine
2809 silly REMOVE node_modules/dir-glob
2810 silly REMOVE node_modules/deep-equal
2811 silly CHANGE node_modules/data-view-byte-offset
2812 silly CHANGE node_modules/data-view-byte-length
2813 silly CHANGE node_modules/data-view-buffer
2814 silly CHANGE node_modules/cross-spawn
2815 silly REMOVE node_modules/chalk
2816 silly CHANGE node_modules/caniuse-lite
2817 silly REMOVE node_modules/callsites
2818 silly CHANGE node_modules/call-bind
2819 silly REMOVE node_modules/busboy
2820 silly CHANGE node_modules/brace-expansion
2821 silly ADD node_modules/brace-expansion/node_modules/balanced-match
2822 silly CHANGE node_modules/axe-core
2823 silly CHANGE node_modules/arraybuffer.prototype.slice
2824 silly CHANGE node_modules/array.prototype.flatmap
2825 silly CHANGE node_modules/array.prototype.flat
2826 silly CHANGE node_modules/array.prototype.findlastindex
2827 silly REMOVE node_modules/array-union
2828 silly CHANGE node_modules/array-includes
2829 silly CHANGE node_modules/array-buffer-byte-length
2830 silly CHANGE node_modules/aria-query
2831 silly REMOVE node_modules/argparse
2832 silly CHANGE node_modules/ajv
2833 silly CHANGE node_modules/acorn
2834 silly CHANGE node_modules/@typescript-eslint/visitor-keys
2835 silly ADD node_modules/@typescript-eslint/visitor-keys/node_modules/eslint-visitor-keys
2836 silly CHANGE node_modules/@typescript-eslint/utils
2837 silly CHANGE node_modules/@typescript-eslint/typescript-estree
2838 silly ADD node_modules/@typescript-eslint/typescript-estree/node_modules/debug
2839 silly REMOVE node_modules/@typescript-eslint/typescript-estree/node_modules/minimatch
2840 silly REMOVE node_modules/@typescript-eslint/typescript-estree/node_modules/brace-expansion
2841 silly CHANGE node_modules/@typescript-eslint/types
2842 silly CHANGE node_modules/@typescript-eslint/type-utils
2843 silly ADD node_modules/@typescript-eslint/type-utils/node_modules/debug
2844 silly CHANGE node_modules/@typescript-eslint/scope-manager
2845 silly CHANGE node_modules/@typescript-eslint/parser
2846 silly ADD node_modules/@typescript-eslint/parser/node_modules/debug
2847 silly CHANGE node_modules/@typescript-eslint/eslint-plugin
2848 silly ADD node_modules/@typescript-eslint/eslint-plugin/node_modules/ignore
2849 silly REMOVE node_modules/@types/semver
2850 silly CHANGE node_modules/@swc/helpers
2851 silly REMOVE node_modules/@swc/counter
2852 silly REMOVE node_modules/@rushstack/eslint-patch
2853 silly CHANGE node_modules/@next/swc-darwin-arm64
2854 silly CHANGE node_modules/@next/eslint-plugin-next
2855 silly ADD node_modules/@next/eslint-plugin-next/node_modules/glob-parent
2856 silly ADD node_modules/@next/eslint-plugin-next/node_modules/fast-glob
2857 silly ADD node_modules/@next/eslint-plugin-next/node_modules/@eslint-community/eslint-utils
2858 silly CHANGE node_modules/@next/env
2859 silly CHANGE node_modules/@jridgewell/trace-mapping
2860 silly REMOVE node_modules/@jridgewell/set-array
2861 silly CHANGE node_modules/@jridgewell/gen-mapping
2862 silly REMOVE node_modules/@humanwhocodes/object-schema
2863 silly REMOVE node_modules/@humanwhocodes/config-array
2864 silly REMOVE node_modules/@eslint/js
2865 silly REMOVE node_modules/@eslint/eslintrc
2866 silly CHANGE node_modules/@eslint-community/regexpp
2867 silly CHANGE node_modules/@eslint-community/eslint-utils
2868 verbose cwd /Users/suraj/Desktop/Project/persnol/portfolio
2869 verbose os Darwin 25.5.0
2870 verbose node v24.14.0
2871 verbose npm  v11.9.0
2872 verbose exit 0
2873 info ok
